dataset,backbone,seed,arm,mse,mae
ETTh1,dlinear,0,mae_base,0.48591296674900564,0.47127169440649747
ETTh1,dlinear,0,mae_joint_boundary,0.43938624840093465,0.45239953056754817
ETTh1,dlinear,0,mae_joint_adapter,0.4983360407168562,0.47834328726988845
ETTh1,dlinear,0,mae_joint_adapter_global,0.49012370732335403,0.4750217910863782
ETTh1,dlinear,0,sf_base,0.4936739094779213,0.4751351684975241
ETTh1,dlinear,0,sf_joint_boundary,0.4430611582229616,0.454577727664527
ETTh1,dlinear,0,sf_joint_adapter,0.5034520591598537,0.4810580915885193
ETTh1,dlinear,0,sf_joint_adapter_global,0.4953542960380796,0.47760383992596483
ETTh1,dlinear,1,mae_base,0.4930921083869587,0.4721937369946134
ETTh1,dlinear,1,mae_joint_boundary,0.4347725559244873,0.4464714165131107
ETTh1,dlinear,1,mae_joint_adapter,0.4884730498934236,0.47122121168957026
ETTh1,dlinear,1,mae_joint_adapter_global,0.48308424859560023,0.46839150345032937
ETTh1,dlinear,1,sf_base,0.49658982945180796,0.47513002503964186
ETTh1,dlinear,1,sf_joint_boundary,0.4737225325676679,0.47320280341872845
ETTh1,dlinear,1,sf_joint_adapter,0.5476750691967456,0.5028553582864121
ETTh1,dlinear,1,sf_joint_adapter_global,0.5433752988003363,0.501043280327062
ETTh1,dlinear,2,mae_base,0.5117585078607991,0.4860034370683944
ETTh1,dlinear,2,mae_joint_boundary,0.4422277882618346,0.4543240396675807
ETTh1,dlinear,2,mae_joint_adapter,0.5062316795701397,0.4846867166318798
ETTh1,dlinear,2,mae_joint_adapter_global,0.500156648289408,0.48045983054661456
ETTh1,dlinear,2,sf_base,0.5197502621381692,0.49067084583321613
ETTh1,dlinear,2,sf_joint_boundary,0.44608886162213524,0.45685865214945354
ETTh1,dlinear,2,sf_joint_adapter,0.5121060650313733,0.488378828128687
ETTh1,dlinear,2,sf_joint_adapter_global,0.5067138716320833,0.48429410692716
ETTh1,patchtst,0,mae_base,0.5525782519931529,0.5095822427989597
ETTh1,patchtst,0,mae_joint_boundary,0.4105390853386766,0.43880816401323003
ETTh1,patchtst,0,mae_joint_adapter,0.5236183277676455,0.49350312699899374
ETTh1,patchtst,0,mae_joint_adapter_global,0.5250727028132777,0.49427335100682307
ETTh1,patchtst,0,sf_base,0.5972181182489174,0.5299956960843156
ETTh1,patchtst,0,sf_joint_boundary,0.42286699512499476,0.4511427381628965
ETTh1,patchtst,0,sf_joint_adapter,0.5484547809051212,0.5113479926215704
ETTh1,patchtst,0,sf_joint_adapter_global,0.5495108812106118,0.5124512051633026
ETTh1,patchtst,1,mae_base,0.5318157890235206,0.49034978935921286
ETTh1,patchtst,1,mae_joint_boundary,0.42352819042635204,0.44454518855945147
ETTh1,patchtst,1,mae_joint_adapter,0.5051168967069013,0.4764167276507247
ETTh1,patchtst,1,mae_joint_adapter_global,0.5065541811836631,0.4772761592926926
ETTh1,patchtst,1,sf_base,0.5419043498048265,0.4979427803904155
ETTh1,patchtst,1,sf_joint_boundary,0.42588344634709513,0.44736732260010414
ETTh1,patchtst,1,sf_joint_adapter,0.5195414823508706,0.4858674535770505
ETTh1,patchtst,1,sf_joint_adapter_global,0.5208781463588568,0.4865525786571744
ETTh1,patchtst,2,mae_base,0.5380863386327303,0.4943542313291478
ETTh1,patchtst,2,mae_joint_boundary,0.40627812661354334,0.433579085493873
ETTh1,patchtst,2,mae_joint_adapter,0.49110023214134885,0.471738691301585
ETTh1,patchtst,2,mae_joint_adapter_global,0.49251517898786745,0.4727482335032318
ETTh1,patchtst,2,sf_base,0.5351740892459039,0.48930811116932094
ETTh1,patchtst,2,sf_joint_boundary,0.4114303798565113,0.43597744605204214
ETTh1,patchtst,2,sf_joint_adapter,0.4997202946553551,0.47664655537010503
ETTh1,patchtst,2,sf_joint_adapter_global,0.5013857493127174,0.47761255349652737
ETTh2,dlinear,0,mae_base,0.16792685981176267,0.27899835393538375
ETTh2,dlinear,0,mae_joint_boundary,0.15573767102864913,0.26772760384854455
ETTh2,dlinear,0,mae_joint_adapter,0.16790756469519688,0.27763740450997676
ETTh2,dlinear,0,mae_joint_adapter_global,0.16775515174657935,0.27799039182193674
ETTh2,dlinear,0,sf_base,0.16889092125983513,0.27985488726458735
ETTh2,dlinear,0,sf_joint_boundary,0.15558932647824242,0.2677354278550034
ETTh2,dlinear,0,sf_joint_adapter,0.1679289516883014,0.2777580500107042
ETTh2,dlinear,0,sf_joint_adapter_global,0.1677175406947768,0.27806021713094164
ETTh2,dlinear,1,mae_base,0.16701704598293637,0.2756887459840062
ETTh2,dlinear,1,mae_joint_boundary,0.15176998543705694,0.2621128502988221
ETTh2,dlinear,1,mae_joint_adapter,0.1665237478171268,0.27730654233596824
ETTh2,dlinear,1,mae_joint_adapter_global,0.16699436356716663,0.2781718505561974
ETTh2,dlinear,1,sf_base,0.16554774715084677,0.27515094353668434
ETTh2,dlinear,1,sf_joint_boundary,0.15109874791487593,0.26136184931178214
ETTh2,dlinear,1,sf_joint_adapter,0.16816968599668924,0.2794656531220967
ETTh2,dlinear,1,sf_joint_adapter_global,0.1687114571906232,0.2803804534839637
ETTh2,dlinear,2,mae_base,0.1676631348735351,0.27753337136880113
ETTh2,dlinear,2,mae_joint_boundary,0.1540325817624564,0.2655165427916379
ETTh2,dlinear,2,mae_joint_adapter,0.16675923796020098,0.2778970996196893
ETTh2,dlinear,2,mae_joint_adapter_global,0.16692356161661231,0.2785189523198237
ETTh2,dlinear,2,sf_base,0.1675359521513853,0.2774652877722862
ETTh2,dlinear,2,sf_joint_boundary,0.1549620055999312,0.26679975670894396
ETTh2,dlinear,2,sf_joint_adapter,0.16817953548687084,0.27940959626424544
ETTh2,dlinear,2,sf_joint_adapter_global,0.16844208552497472,0.28008289969896716
ETTh2,patchtst,0,mae_base,0.2787488589406627,0.3612614086068516
ETTh2,patchtst,0,mae_joint_boundary,0.15167389701214595,0.26386247251888656
ETTh2,patchtst,0,mae_joint_adapter,0.2022403838917215,0.3100437405339186
ETTh2,patchtst,0,mae_joint_adapter_global,0.20243649847676998,0.3102536828399414
ETTh2,patchtst,0,sf_base,0.3096735665130409,0.3793295234166823
ETTh2,patchtst,0,sf_joint_boundary,0.15110762601535335,0.2642518619051771
ETTh2,patchtst,0,sf_joint_adapter,0.23775584678472225,0.33625723430336135
ETTh2,patchtst,0,sf_joint_adapter_global,0.23784145526027523,0.33633981426244763
ETTh2,patchtst,1,mae_base,0.25535512789261994,0.3487821585859652
ETTh2,patchtst,1,mae_joint_boundary,0.15247993262902282,0.2655285551653358
ETTh2,patchtst,1,mae_joint_adapter,0.23063556029308546,0.33121299905376356
ETTh2,patchtst,1,mae_joint_adapter_global,0.23069473297888232,0.33128286550581376
ETTh2,patchtst,1,sf_base,0.2980922430893486,0.3695143763161463
ETTh2,patchtst,1,sf_joint_boundary,0.1485333368904432,0.2622353095352023
ETTh2,patchtst,1,sf_joint_adapter,0.2299363010181633,0.3282606583120468
ETTh2,patchtst,1,sf_joint_adapter_global,0.23006899057265667,0.32837358388789833
ETTh2,patchtst,2,mae_base,0.23793785485676772,0.3393802166096962
ETTh2,patchtst,2,mae_joint_boundary,0.15460639377389962,0.2673528970266198
ETTh2,patchtst,2,mae_joint_adapter,0.19689077996796608,0.30716545328571276
ETTh2,patchtst,2,mae_joint_adapter_global,0.19692861603169226,0.3072068150159055
ETTh2,patchtst,2,sf_base,0.26542091632642284,0.3561507964153899
ETTh2,patchtst,2,sf_joint_boundary,0.1530225934072623,0.2657867646750906
ETTh2,patchtst,2,sf_joint_adapter,0.20552715225273505,0.31217309018281136
ETTh2,patchtst,2,sf_joint_adapter_global,0.20561213146477794,0.3122559185605229
ETTm1,dlinear,0,mae_base,0.2883904004712153,0.358888536060516
ETTm1,dlinear,0,mae_joint_boundary,0.26782981056048316,0.34699441130805025
ETTm1,dlinear,0,mae_joint_adapter,0.3002296540285472,0.36751437532042935
ETTm1,dlinear,0,mae_joint_adapter_global,0.3003403725785207,0.3683594070220081
ETTm1,dlinear,0,sf_base,0.28833299890721736,0.3590238966383097
ETTm1,dlinear,0,sf_joint_boundary,0.2664358029614239,0.3457636447907093
ETTm1,dlinear,0,sf_joint_adapter,0.2989913229263134,0.3666535039143468
ETTm1,dlinear,0,sf_joint_adapter_global,0.29966074165823364,0.3674795618072402
ETTm1,dlinear,1,mae_base,0.28419325425926684,0.35546689558858596
ETTm1,dlinear,1,mae_joint_boundary,0.2648717012357624,0.34400758863369885
ETTm1,dlinear,1,mae_joint_adapter,0.2914674424174074,0.3614500143368669
ETTm1,dlinear,1,mae_joint_adapter_global,0.29099899194566453,0.3617063534180182
ETTm1,dlinear,1,sf_base,0.2846099199030828,0.3560255702627159
ETTm1,dlinear,1,sf_joint_boundary,0.2648637570348667,0.34375441596335166
ETTm1,dlinear,1,sf_joint_adapter,0.29263065100779173,0.36292772997201306
ETTm1,dlinear,1,sf_joint_adapter_global,0.29278945530974987,0.36311199396407906
ETTm1,dlinear,2,mae_base,0.28773520533763075,0.35700227780341864
ETTm1,dlinear,2,mae_joint_boundary,0.2624664238002922,0.3415906937470915
ETTm1,dlinear,2,mae_joint_adapter,0.296138210360606,0.3655393979058226
ETTm1,dlinear,2,mae_joint_adapter_global,0.2959714232282699,0.3659854762127392
ETTm1,dlinear,2,sf_base,0.28730453129672684,0.35680560999635597
ETTm1,dlinear,2,sf_joint_boundary,0.2601082489262392,0.33985138309447843
ETTm1,dlinear,2,sf_joint_adapter,0.2931515237117331,0.364124179586185
ETTm1,dlinear,2,sf_joint_adapter_global,0.2935987677402082,0.364420664884584
ETTm1,patchtst,0,mae_base,0.3477525082585035,0.3869158085714544
ETTm1,patchtst,0,mae_joint_boundary,0.2711922287176742,0.34795804660648094
ETTm1,patchtst,0,mae_joint_adapter,0.32531574200294683,0.37706963135458393
ETTm1,patchtst,0,mae_joint_adapter_global,0.3251114943709538,0.37665527079029587
ETTm1,patchtst,0,sf_base,0.32823816294184394,0.3778498252761142
ETTm1,patchtst,0,sf_joint_boundary,0.2704968589989971,0.34790398875074435
ETTm1,patchtst,0,sf_joint_adapter,0.3233121792379294,0.37694346415685337
ETTm1,patchtst,0,sf_joint_adapter_global,0.3233767190174091,0.37657736682021603
ETTm1,patchtst,1,mae_base,0.34854878893503416,0.3985663849500095
ETTm1,patchtst,1,mae_joint_boundary,0.272435824857564,0.3503908093873946
ETTm1,patchtst,1,mae_joint_adapter,0.33078187314401303,0.38604486086332623
ETTm1,patchtst,1,mae_joint_adapter_global,0.3288855998756678,0.38505538059458144
ETTm1,patchtst,1,sf_base,0.3463556064305545,0.39173452761436267
ETTm1,patchtst,1,sf_joint_boundary,0.27117801724021656,0.34851243416727656
ETTm1,patchtst,1,sf_joint_adapter,0.3187103059781838,0.3812603609425191
ETTm1,patchtst,1,sf_joint_adapter_global,0.31824010745051917,0.3809018379717001
ETTm1,patchtst,2,mae_base,0.34233921364294484,0.3920522007012947
ETTm1,patchtst,2,mae_joint_boundary,0.2792757003874033,0.35327394281754126
ETTm1,patchtst,2,mae_joint_adapter,0.3323688420727032,0.3812503509464625
ETTm1,patchtst,2,mae_joint_adapter_global,0.3305533429121849,0.3807233368816427
ETTm1,patchtst,2,sf_base,0.34259219204752334,0.38249529284575945
ETTm1,patchtst,2,sf_joint_boundary,0.2716246161781879,0.3489923240938951
ETTm1,patchtst,2,sf_joint_adapter,0.3316733321778384,0.3854058492906597
ETTm1,patchtst,2,sf_joint_adapter_global,0.3304574936272587,0.38468815584734883
ETTm2,dlinear,0,mae_base,0.10121993353695592,0.21107279840564003
ETTm2,dlinear,0,mae_joint_boundary,0.09426141868775406,0.2051893155723912
ETTm2,dlinear,0,mae_joint_adapter,0.10369704778040542,0.21330039166243667
ETTm2,dlinear,0,mae_joint_adapter_global,0.10022806304849055,0.2104544300112625
ETTm2,dlinear,0,sf_base,0.10102502693752721,0.21131014366686046
ETTm2,dlinear,0,sf_joint_boundary,0.09326349402473709,0.2038661932324512
ETTm2,dlinear,0,sf_joint_adapter,0.10060312268788403,0.20912055905288066
ETTm2,dlinear,0,sf_joint_adapter_global,0.09877737054899312,0.20845848165444505
ETTm2,dlinear,1,mae_base,0.1012434977999825,0.21094781771692117
ETTm2,dlinear,1,mae_joint_boundary,0.09328550767572202,0.20352249588198748
ETTm2,dlinear,1,mae_joint_adapter,0.10286332957342974,0.21175678989762192
ETTm2,dlinear,1,mae_joint_adapter_global,0.09992516179321134,0.20999469488385325
ETTm2,dlinear,1,sf_base,0.1003716542290866,0.20978779373220305
ETTm2,dlinear,1,sf_joint_boundary,0.09386303790093174,0.20408616236263993
ETTm2,dlinear,1,sf_joint_adapter,0.10233057002649516,0.21105345474770604
ETTm2,dlinear,1,sf_joint_adapter_global,0.09980677621709974,0.21019693265452008
ETTm2,dlinear,2,mae_base,0.1007199335020173,0.21003661089829578
ETTm2,dlinear,2,mae_joint_boundary,0.09321848096952816,0.20315589854637467
ETTm2,dlinear,2,mae_joint_adapter,0.10097544390222654,0.20961414782801704
ETTm2,dlinear,2,mae_joint_adapter_global,0.09891324395083818,0.2080381090562672
ETTm2,dlinear,2,sf_base,0.1010048506353358,0.21105272695923374
ETTm2,dlinear,2,sf_joint_boundary,0.09724029676819552,0.21072807991463588
ETTm2,dlinear,2,sf_joint_adapter,0.10232419620843083,0.21281837109893673
ETTm2,dlinear,2,sf_joint_adapter_global,0.10047899226787943,0.21182049777090198
ETTm2,patchtst,0,mae_base,0.12053957503040073,0.2342364637083802
ETTm2,patchtst,0,mae_joint_boundary,0.0981534143402717,0.2105077266986596
ETTm2,patchtst,0,mae_joint_adapter,0.1119097600400959,0.22303138034249972
ETTm2,patchtst,0,mae_joint_adapter_global,0.11039846246630898,0.22116295044528012
ETTm2,patchtst,0,sf_base,0.146087412788193,0.26122088909884744
ETTm2,patchtst,0,sf_joint_boundary,0.09766984777130036,0.20981507088153156
ETTm2,patchtst,0,sf_joint_adapter,0.11101869736523176,0.22264341666454296
ETTm2,patchtst,0,sf_joint_adapter_global,0.11042481184831074,0.2221789963089005
ETTm2,patchtst,1,mae_base,0.1472194617792911,0.26385512881809514
ETTm2,patchtst,1,mae_joint_boundary,0.09937054762202004,0.2131503157554325
ETTm2,patchtst,1,mae_joint_adapter,0.11544378417919199,0.2274895503461703
ETTm2,patchtst,1,mae_joint_adapter_global,0.11550756057277882,0.2276274176388521
ETTm2,patchtst,1,sf_base,0.12925116383084376,0.2410056223382835
ETTm2,patchtst,1,sf_joint_boundary,0.09984953492831651,0.2140480603203467
ETTm2,patchtst,1,sf_joint_adapter,0.11596030151444782,0.22879719666179588
ETTm2,patchtst,1,sf_joint_adapter_global,0.1146420805128815,0.2275069959776524
ETTm2,patchtst,2,mae_base,0.1182415476991986,0.23241261940454902
ETTm2,patchtst,2,mae_joint_boundary,0.09824237609478079,0.21219140547243778
ETTm2,patchtst,2,mae_joint_adapter,0.1123378357174099,0.226765594281737
ETTm2,patchtst,2,mae_joint_adapter_global,0.11264225014238932,0.22707058979224912
ETTm2,patchtst,2,sf_base,0.12198491964097223,0.2393712780143368
ETTm2,patchtst,2,sf_joint_boundary,0.10181068070617134,0.2154802206722612
ETTm2,patchtst,2,sf_joint_adapter,0.11757580197716272,0.23041840853417533
ETTm2,patchtst,2,sf_joint_adapter_global,0.11708353875693339,0.2299351013217237
appliances,dlinear,0,mae_base,0.2458203339555937,0.290957773384176
appliances,dlinear,0,mae_joint_boundary,0.19374725044601424,0.2627504261541792
appliances,dlinear,0,mae_joint_adapter,0.24300231751258594,0.2841706959125741
appliances,dlinear,0,mae_joint_adapter_global,0.24282948776024332,0.287532827549959
appliances,dlinear,0,sf_base,0.24729384792649436,0.2936780683491512
appliances,dlinear,0,sf_joint_boundary,0.19090666646444113,0.2600608083402072
appliances,dlinear,0,sf_joint_adapter,0.23926638108966078,0.2772161146444168
appliances,dlinear,0,sf_joint_adapter_global,0.23911597274354845,0.2805660175430888
appliances,dlinear,1,mae_base,0.23389559998023743,0.2781940223035505
appliances,dlinear,1,mae_joint_boundary,0.18875435300329196,0.2565920757274668
appliances,dlinear,1,mae_joint_adapter,0.23678343034371563,0.27281233782291564
appliances,dlinear,1,mae_joint_adapter_global,0.23579202312884168,0.2771040822421541
appliances,dlinear,1,sf_base,0.23440491430244517,0.2793987277928308
appliances,dlinear,1,sf_joint_boundary,0.18589962516583133,0.2538960166666693
appliances,dlinear,1,sf_joint_adapter,0.2360244497252443,0.27203714556216796
appliances,dlinear,1,sf_joint_adapter_global,0.23491841379093445,0.2762193986616525
appliances,dlinear,2,mae_base,0.23717812635374322,0.28344457540549745
appliances,dlinear,2,mae_joint_boundary,0.19096944128674814,0.25775174152010594
appliances,dlinear,2,mae_joint_adapter,0.23560909105047517,0.2723435954954004
appliances,dlinear,2,mae_joint_adapter_global,0.23494607826383446,0.27593209738112523
appliances,dlinear,2,sf_base,0.23823529615131636,0.2853101053041315
appliances,dlinear,2,sf_joint_boundary,0.18959962310659273,0.25672188014679725
appliances,dlinear,2,sf_joint_adapter,0.23757703145293732,0.2742582315003623
appliances,dlinear,2,sf_joint_adapter_global,0.23689304130545527,0.27798318112384046
appliances,patchtst,0,mae_base,0.473328791443382,0.39568287405902164
appliances,patchtst,0,mae_joint_boundary,0.19067149627873314,0.25492857420987336
appliances,patchtst,0,mae_joint_adapter,0.3505207504278727,0.34778777340430833
appliances,patchtst,0,mae_joint_adapter_global,0.35062592301190537,0.3479543315571466
appliances,patchtst,0,sf_base,0.43484317945547785,0.3814182702196466
appliances,patchtst,0,sf_joint_boundary,0.18980354928330495,0.25420039781707615
appliances,patchtst,0,sf_joint_adapter,0.3517077008044097,0.3499148470236686
appliances,patchtst,0,sf_joint_adapter_global,0.3517798138046591,0.3500411052133483
appliances,patchtst,1,mae_base,0.5344079691358761,0.43443457732698754
appliances,patchtst,1,mae_joint_boundary,0.19085686511005742,0.2583964817182896
appliances,patchtst,1,mae_joint_adapter,0.3447828333367094,0.34576357465424723
appliances,patchtst,1,mae_joint_adapter_global,0.34492441595328127,0.345986602130477
appliances,patchtst,1,sf_base,0.5416519806928229,0.4272411785687588
appliances,patchtst,1,sf_joint_boundary,0.19110004402346556,0.25872034630670415
appliances,patchtst,1,sf_joint_adapter,0.33486834855566794,0.337975928590506
appliances,patchtst,1,sf_joint_adapter_global,0.3350081675144567,0.3383057613020505
appliances,patchtst,2,mae_base,0.4374494261987663,0.37915822646475833
appliances,patchtst,2,mae_joint_boundary,0.1916434751138788,0.2576008873885429
appliances,patchtst,2,mae_joint_adapter,0.3601299340312427,0.34980217252067924
appliances,patchtst,2,mae_joint_adapter_global,0.360238926865466,0.34992490013664446
appliances,patchtst,2,sf_base,0.4414014866982619,0.38528432534537677
appliances,patchtst,2,sf_joint_boundary,0.18937256573477096,0.2558987549666937
appliances,patchtst,2,sf_joint_adapter,0.34843718678613617,0.34527630185300806
appliances,patchtst,2,sf_joint_adapter_global,0.3484990908478095,0.34534643078938504
bdg2,dlinear,0,mae_base,0.24962271416391615,0.32776794831677836
bdg2,dlinear,0,mae_joint_boundary,0.21580549038838412,0.30634644237384345
bdg2,dlinear,0,mae_joint_adapter,0.23432810005390767,0.3135584886315493
bdg2,dlinear,0,mae_joint_adapter_global,0.23305062208893915,0.31591653551184834
bdg2,dlinear,0,sf_base,0.24883918824341397,0.3269818889493033
bdg2,dlinear,0,sf_joint_boundary,0.21468800282826073,0.30526396335095235
bdg2,dlinear,0,sf_joint_adapter,0.23376135697250058,0.3128910993986334
bdg2,dlinear,0,sf_joint_adapter_global,0.23257787735477478,0.3153783109075573
bdg2,dlinear,1,mae_base,0.24240584643242144,0.32626570398958776
bdg2,dlinear,1,mae_joint_boundary,0.21453910123301695,0.3057359873718575
bdg2,dlinear,1,mae_joint_adapter,0.23729223340348568,0.3176919712426044
bdg2,dlinear,1,mae_joint_adapter_global,0.235857422342561,0.320702271208888
bdg2,dlinear,1,sf_base,0.2439183786022345,0.328130304682239
bdg2,dlinear,1,sf_joint_boundary,0.21353697995639784,0.3057223991711259
bdg2,dlinear,1,sf_joint_adapter,0.2380860713092634,0.3192209626618756
bdg2,dlinear,1,sf_joint_adapter_global,0.23641143087783936,0.3230158965011113
bdg2,dlinear,2,mae_base,0.2405488423849137,0.3252011794642172
bdg2,dlinear,2,mae_joint_boundary,0.21243707141943377,0.30353809664777415
bdg2,dlinear,2,mae_joint_adapter,0.23552482299847421,0.31516146039838716
bdg2,dlinear,2,mae_joint_adapter_global,0.23329056396502376,0.3179056483125684
bdg2,dlinear,2,sf_base,0.24016718989231514,0.3251450164811841
bdg2,dlinear,2,sf_joint_boundary,0.2115871920909341,0.30288978062677757
bdg2,dlinear,2,sf_joint_adapter,0.23484523739883995,0.31432269186002665
bdg2,dlinear,2,sf_joint_adapter_global,0.23275433768872122,0.31735299309666276
bdg2,patchtst,0,mae_base,0.25664694942397803,0.3491457738307451
bdg2,patchtst,0,mae_joint_boundary,0.20941835813460324,0.3037421516609126
bdg2,patchtst,0,mae_joint_adapter,0.23961246144370693,0.33093919109323633
bdg2,patchtst,0,mae_joint_adapter_global,0.23986526675999562,0.33174849578439614
bdg2,patchtst,0,sf_base,0.25790326502426675,0.3519561499398075
bdg2,patchtst,0,sf_joint_boundary,0.2085680557000125,0.3026500623597441
bdg2,patchtst,0,sf_joint_adapter,0.241384005948513,0.3320865880703502
bdg2,patchtst,0,sf_joint_adapter_global,0.24173492088580723,0.33278548337500713
bdg2,patchtst,1,mae_base,0.27701813263871955,0.3705644038619241
bdg2,patchtst,1,mae_joint_boundary,0.2111130475246408,0.30756158615003376
bdg2,patchtst,1,mae_joint_adapter,0.2569864711121286,0.3496287391208308
bdg2,patchtst,1,mae_joint_adapter_global,0.2574264304118781,0.35084297794181285
bdg2,patchtst,1,sf_base,0.26732427237378764,0.35873344385877465
bdg2,patchtst,1,sf_joint_boundary,0.2122460222852702,0.30781737945350607
bdg2,patchtst,1,sf_joint_adapter,0.25229063000669066,0.3423895416354485
bdg2,patchtst,1,sf_joint_adapter_global,0.25261659637992984,0.34394961689724257
bdg2,patchtst,2,mae_base,0.26336121073870616,0.35576884370243084
bdg2,patchtst,2,mae_joint_boundary,0.20968677420099036,0.306289190468607
bdg2,patchtst,2,mae_joint_adapter,0.2572933484739834,0.35042862320919727
bdg2,patchtst,2,mae_joint_adapter_global,0.257508245061456,0.3506591657489554
bdg2,patchtst,2,sf_base,0.2690411543950044,0.36150706362785767
bdg2,patchtst,2,sf_joint_boundary,0.20970761675597324,0.3063718064890788
bdg2,patchtst,2,sf_joint_adapter,0.24756934404053832,0.3386672511168597
bdg2,patchtst,2,sf_joint_adapter_global,0.2479274662845976,0.33919153487183284
