dataset,backbone,phase,seed,trace_file,mse,mae,static_mse,static_mae,elf_mse,elf_mae,independent_mse,mse_vs_static_pct,mae_vs_static_pct,mse_vs_elf_pct,mae_vs_elf_pct,mse_vs_independent_pct
ETTh1,dlinear,legacy,0,results/tsf_edge/elf_real/real_losses_legacy_ETTh1_dlinear_s0.npz,0.3576488706541107,0.3857676556717927,0.395573095536641,0.4036559040895814,0.3678238076853575,0.386766678781191,0.3598430023973031,9.587159822151614,4.431558720325047,2.7662529772816247,0.2583012353976399,0.6097469531364808
ETTh1,dlinear,legacy,1,results/tsf_edge/elf_real/real_losses_legacy_ETTh1_dlinear_s1.npz,0.3576488649314493,0.3862610439193477,0.3987785825318127,0.4061631936103853,0.3671277386366387,0.3864761976699719,0.359855581475947,10.313923415654411,4.900037719845384,2.5819007140103434,0.0556706342903723,0.613222819956516
ETTh1,dlinear,legacy,2,results/tsf_edge/elf_real/real_losses_legacy_ETTh1_dlinear_s2.npz,0.3591213812014803,0.3867401496934494,0.3941047590716729,0.4017776976604462,0.3662531900328019,0.3852371769485657,0.3609805499007249,8.876669734361286,3.7427532823649856,1.9472345976516705,-0.3901421863768739,0.5150329289918654
ETTh1,patchtst,legacy,0,results/tsf_edge/elf_real/real_losses_legacy_ETTh1_patchtst_s0.npz,0.3761294843249171,0.4067127676819944,0.4293842736337852,0.436788708184308,0.3661363202808822,0.3923589749574601,0.379254840119868,12.402594267876763,6.8856955179397055,-2.7293561142387013,-3.658331691301431,0.8240780246767887
ETTh1,patchtst,legacy,1,results/tsf_edge/elf_real/real_losses_legacy_ETTh1_patchtst_s1.npz,0.3842848154011281,0.4130775299490934,0.4555890611533524,0.4470102138935319,0.3665370002740851,0.3917846775505142,0.3886789629608472,15.651000393142269,7.591031007743476,-4.842025529147587,-5.434835413090866,1.130533931202693
ETTh1,patchtst,legacy,2,results/tsf_edge/elf_real/real_losses_legacy_ETTh1_patchtst_s2.npz,0.3885452366928505,0.4130751330611025,0.4620188900151995,0.4532386548664536,0.3685403551937885,0.3930480235587961,0.3920922186810818,15.902737942150337,8.861451108397912,-5.428138660294857,-5.095333980050043,0.9046295282682748
ETTh2,dlinear,legacy,0,results/tsf_edge/elf_real/real_losses_legacy_ETTh2_dlinear_s0.npz,0.1336094120080441,0.2426318664342988,0.1415501291321893,0.253184984206867,0.1346077292352089,0.2436125452125882,0.1338555571689263,5.609826831545705,4.168145202460205,0.7416492595461066,0.4025567638290428,0.1838886379379123
ETTh2,dlinear,legacy,1,results/tsf_edge/elf_real/real_losses_legacy_ETTh2_dlinear_s1.npz,0.1327333307536765,0.2411129888608711,0.1369262160584144,0.2464291188304606,0.1332372695120899,0.2418664029081026,0.1330918736910644,3.062149400921965,2.1572653405650843,0.3782265729842304,0.3115000835886006,0.26939506330802
ETTh2,dlinear,legacy,2,results/tsf_edge/elf_real/real_losses_legacy_ETTh2_dlinear_s2.npz,0.1345799786776162,0.2433336251775564,0.1444659210958572,0.2566657938040532,0.1345245295648855,0.2442428017157569,0.1346634645191887,6.843096519407821,5.194369077741213,-0.0412185888402971,0.3722429204929489,0.0619959109700474
ETTh2,patchtst,legacy,0,results/tsf_edge/elf_real/real_losses_legacy_ETTh2_patchtst_s0.npz,0.1443436629905083,0.2574588587239181,0.1845296180249207,0.2912083287698548,0.1385505546090412,0.2489799238011484,0.1454898919583634,21.77750946679207,11.589459061320095,-4.181223523654598,-3.40546932191268,0.7878409643627737
ETTh2,patchtst,legacy,1,results/tsf_edge/elf_real/real_losses_legacy_ETTh2_patchtst_s1.npz,0.1474495795026764,0.2628950038354141,0.1848113271942272,0.3006248746049979,0.1382128751741929,0.2502203718795147,0.1481150699050682,20.21615680097655,12.55048199825728,-6.682955055266926,-5.0653877063225,0.4493063418990917
ETTh2,patchtst,legacy,2,results/tsf_edge/elf_real/real_losses_legacy_ETTh2_patchtst_s2.npz,0.1445888885830405,0.2603604991827051,0.233567280715134,0.3575223553124813,0.1399525551700681,0.2536166014547896,0.1452944494966641,38.0954009738266,27.176442168170123,-3.312789400192395,-2.6590915930705394,0.4856076168551881
ETTm1,dlinear,legacy,0,results/tsf_edge/elf_real/real_losses_legacy_ETTm1_dlinear_s0.npz,0.2489995465406479,0.3283530003488132,0.2635142382218694,0.3388971904247032,0.2391991509471751,0.3192512239353516,0.2531944228532597,5.5081242589254735,3.1113241342237363,-4.097169891559149,-2.8509762002681294,1.6567806926154005
ETTm1,dlinear,legacy,1,results/tsf_edge/elf_real/real_losses_legacy_ETTm1_dlinear_s1.npz,0.2470715479075588,0.3268254247306576,0.2623566254997905,0.3376587980789954,0.238816420350749,0.3187637994463093,0.251542438732508,5.826068834020703,3.208378816121749,-3.456683399192384,-2.529027856472821,1.7773902676134543
ETTm1,dlinear,legacy,2,results/tsf_edge/elf_real/real_losses_legacy_ETTm1_dlinear_s2.npz,0.2454618768339359,0.3251938778036383,0.2612797880610634,0.3365830644421779,0.2389989309213963,0.318824275717462,0.25075099504076,6.054012575756795,3.3837669929754237,-2.7041735658078103,-1.9978409962172703,2.109310954464705
ETTm1,patchtst,legacy,0,results/tsf_edge/elf_real/real_losses_legacy_ETTm1_patchtst_s0.npz,0.2797742870956254,0.348859137339179,0.3149530581001868,0.3625275199409549,0.2342029963629808,0.3176506276040683,0.2849517998209573,11.169528315350108,3.7703020736197024,-19.458030614610777,-9.824790830890516,1.8169784253284529
ETTm1,patchtst,legacy,1,results/tsf_edge/elf_real/real_losses_legacy_ETTm1_patchtst_s1.npz,0.2735174361188676,0.3463188895938298,0.331967150111512,0.3747531882814636,0.241814017544385,0.322090878267021,0.2809355603355875,17.607077680129034,7.587473456337291,-13.110662027135556,-7.522104151836051,2.6405073846325178
ETTm1,patchtst,legacy,2,results/tsf_edge/elf_real/real_losses_legacy_ETTm1_patchtst_s2.npz,0.271023119852527,0.3395643945429407,0.3215011110080603,0.3614150700545652,0.2364553421897889,0.3177344562654804,0.2734228181870526,15.700720596971053,6.04586729278489,-14.619156980176218,-6.870497626867533,0.877651086488318
ETTm2,dlinear,legacy,0,results/tsf_edge/elf_real/real_losses_legacy_ETTm2_dlinear_s0.npz,0.0890409509644331,0.1973743758321745,0.097113619184869,0.208330245521075,0.0858606790470754,0.1913043022531826,0.0936532191148666,8.31260155701592,5.258895395384256,-3.703991108216109,-3.172993763077248,4.924836747764683
ETTm2,dlinear,legacy,1,results/tsf_edge/elf_real/real_losses_legacy_ETTm2_dlinear_s1.npz,0.0898213047179541,0.1984785017541972,0.096637098592759,0.2062022960647236,0.085969640320289,0.1912215578688467,0.0940530619287076,7.052978591097315,3.7457363268651567,-4.480261151861642,-3.795044850710738,4.4993295528870325
ETTm2,dlinear,legacy,2,results/tsf_edge/elf_real/real_losses_legacy_ETTm2_dlinear_s2.npz,0.088758866235446,0.1969599737408184,0.0959383208140484,0.2057721404966215,0.0857761835263199,0.1910157218797255,0.0931588369672014,7.483406544625581,4.282487772414378,-3.4772854031339677,-3.111917596414271,4.723084653047516
ETTm2,patchtst,legacy,0,results/tsf_edge/elf_real/real_losses_legacy_ETTm2_patchtst_s0.npz,0.093085032923777,0.2016604208158659,0.1215281886361415,0.2340904681503668,0.0857892545081631,0.1913318333010504,0.0967504665101408,23.404574717659987,13.853638548695448,-8.504303315655527,-5.398258792912958,3.7885435787326505
ETTm2,patchtst,legacy,1,results/tsf_edge/elf_real/real_losses_legacy_ETTm2_patchtst_s1.npz,0.0945828622305326,0.2039550493599656,0.1086063531218816,0.2189022877298879,0.0856830524700279,0.19120702395142,0.0983870580245747,12.91221967062215,6.828269601442583,-10.386896246043342,-6.667132380965479,3.866561182357808
ETTm2,patchtst,legacy,2,results/tsf_edge/elf_real/real_losses_legacy_ETTm2_patchtst_s2.npz,0.0950628131140407,0.2069605822163414,0.1181136857595896,0.2356635782040746,0.0864136868286634,0.1928892864542606,0.0983789131352597,19.51583552516257,12.17964872063414,-10.00897728449699,-7.295011568938259,3.3707426881813163
appliances,dlinear,legacy,0,results/tsf_edge/elf_real/real_losses_legacy_appliances_dlinear_s0.npz,0.184437776620477,0.2491724253073201,0.2325691323577365,0.288067985401393,0.1933754312536919,0.2562543002001724,0.2058915503699175,20.69550470834799,13.502215471766476,4.621918397425251,2.7636121178533424,10.419938900307102
appliances,dlinear,legacy,1,results/tsf_edge/elf_real/real_losses_legacy_appliances_dlinear_s1.npz,0.1843014865684048,0.2488718778808466,0.2338600692508775,0.2927677249626008,0.1933039000583246,0.2568790705637395,0.2049152499470166,21.191553924200647,14.993403759708002,4.657129777104119,3.1171059071961715,10.05965314145324
appliances,dlinear,legacy,2,results/tsf_edge/elf_real/real_losses_legacy_appliances_dlinear_s2.npz,0.1840649861975555,0.2494699198992756,0.2466048524107624,0.3041905111067944,0.1939093040288901,0.2577301486109051,0.2051096589698273,25.36035507891632,17.988921156159144,5.076764047313542,3.2049912500147104,10.260205627550487
appliances,patchtst,legacy,0,results/tsf_edge/elf_real/real_losses_legacy_appliances_patchtst_s0.npz,0.1854737505249419,0.2507248473865242,0.4215198580785002,0.3737964312429308,0.1807131586071862,0.2486589281895291,0.1931333567704528,55.99881073920818,32.9247616000973,-2.634336068522636,-0.8308244598482561,3.965967543667104
appliances,patchtst,legacy,1,results/tsf_edge/elf_real/real_losses_legacy_appliances_patchtst_s1.npz,0.1854030130197411,0.2519331729061035,0.4488101578057485,0.3891468014261809,0.182556890728059,0.251877439942578,0.1944816138028537,58.69010319949437,35.260119835806,-1.5590330665314456,-0.0221270168293763,4.6681023494156815
appliances,patchtst,legacy,2,results/tsf_edge/elf_real/real_losses_legacy_appliances_patchtst_s2.npz,0.1830377252174576,0.2496097980319374,0.4399032140442657,0.3861921650488502,0.1823687450361065,0.2503712466187478,0.1886595318168212,58.391364424302814,35.36642619345638,-0.3668283077885137,0.304127809041077,2.9798688384438665
bdg2,dlinear,legacy,0,results/tsf_edge/elf_real/real_losses_legacy_bdg2_dlinear_s0.npz,0.1931369060846976,0.281471842566957,0.2169297286897772,0.3063098620758142,0.1840960741449646,0.265918717014358,0.1956956913475805,10.96798615329705,8.108788708445026,-4.9109314154161865,-5.848826937503349,1.307532754177121
bdg2,dlinear,legacy,1,results/tsf_edge/elf_real/real_losses_legacy_bdg2_dlinear_s1.npz,0.1926182807618125,0.2832497089220179,0.2259040573703685,0.3231701026239107,0.1834457099538986,0.2674575823604663,0.1949788222227017,14.734474889923776,12.352749644155702,-5.00015552842259,-5.904535000345512,1.2106655656135556
bdg2,dlinear,legacy,2,results/tsf_edge/elf_real/real_losses_legacy_bdg2_dlinear_s2.npz,0.1928679644708071,0.2810598340009146,0.2192738890418393,0.3102973736013716,0.1841439928477116,0.2663724436871419,0.1955356314846867,12.042439109562064,9.422425739902474,-4.737581437321348,-5.513855003343826,1.364286904450207
bdg2,patchtst,legacy,0,results/tsf_edge/elf_real/real_losses_legacy_bdg2_patchtst_s0.npz,0.1870291434142786,0.2863790966806186,0.2203223735026798,0.3221009568288342,0.1739726928944765,0.2671270590053757,0.1888007709097625,15.111143529867732,11.090268250025192,-7.504884992337013,-7.207071326628678,0.9383581894009564
bdg2,patchtst,legacy,1,results/tsf_edge/elf_real/real_losses_legacy_bdg2_patchtst_s1.npz,0.190940080187213,0.2899894452927979,0.2225063797094431,0.3198445830291457,0.1756422623319016,0.266440844052091,0.1912058605405497,14.186694135894207,9.334263989591252,-8.709645191431159,-8.83820996907776,0.1390022003432856
bdg2,patchtst,legacy,2,results/tsf_edge/elf_real/real_losses_legacy_bdg2_patchtst_s2.npz,0.1886286543389637,0.2878460762759817,0.2180406520239773,0.3190164642622972,0.1735212191285412,0.2643983179131066,0.190260352864367,13.489226624482498,9.77077721000853,-8.706390657174445,-8.868346269351491,0.8576135284298902
ETTh1,dlinear,refit,0,results/tsf_edge/elf_real/real_losses_refit_ETTh1_dlinear_s0.npz,0.3585637688165001,0.3870227304763065,0.3998238508098548,0.4078866380694987,0.3680035727861578,0.3872908124187839,0.3609365819713231,10.319564955862726,5.115124067789956,2.565139218130108,0.0692198043127256,0.6574044509047638
ETTh1,dlinear,refit,1,results/tsf_edge/elf_real/real_losses_refit_ETTh1_dlinear_s1.npz,0.3608421020360576,0.3880252266088111,0.399613224127353,0.406084682540996,0.3686536645156496,0.3871763048984606,0.363787609564686,9.702161928189712,4.447214265552035,2.1189433963324733,-0.2192597273154684,0.8096778040772357
ETTh1,dlinear,refit,2,results/tsf_edge/elf_real/real_losses_refit_ETTh1_dlinear_s2.npz,0.3562006101043464,0.384175272350205,0.3893195080572347,0.3986060351106976,0.3656464246317308,0.3849509472464442,0.3586289676972665,8.50686833499733,3.620307142736812,2.583319264477424,0.2014996720458906,0.6771225449278218
ETTh1,patchtst,refit,0,results/tsf_edge/elf_real/real_losses_refit_ETTh1_patchtst_s0.npz,0.3682896468156082,0.4020124153276266,0.4210708479325171,0.4299823023893913,0.3658334047330056,0.3925185260418259,0.371232713402765,12.53499295333974,6.504892621472402,-0.6714100054354688,-2.4187111323222155,0.7927821231540344
ETTh1,patchtst,refit,1,results/tsf_edge/elf_real/real_losses_refit_ETTh1_patchtst_s1.npz,0.3770845945630566,0.4075703876523563,0.4327461583775902,0.43359457234559,0.3634583055566833,0.3911979708117437,0.3808698281596607,12.862405069802229,6.001962744241062,-3.749065242986527,-4.185199837984732,0.9938391851342154
ETTh1,patchtst,refit,2,results/tsf_edge/elf_real/real_losses_refit_ETTh1_patchtst_s2.npz,0.3733524877631349,0.4072944579371222,0.4260292238720576,0.4393147040350108,0.36192512686293,0.3924253886777009,0.3770186650104729,12.364582793208168,7.288680711979268,-3.1573825777873266,-3.7890181645798826,0.9724126648308462
ETTh2,dlinear,refit,0,results/tsf_edge/elf_real/real_losses_refit_ETTh2_dlinear_s0.npz,0.1364696752856625,0.2452559243926229,0.1574857800899883,0.2735780288993586,0.1363929992268162,0.2469041418060901,0.1366068151430261,13.344763439795692,10.352477726621334,-0.0562170047443633,0.6675535701469615,0.1003902017772784
ETTh2,dlinear,refit,1,results/tsf_edge/elf_real/real_losses_refit_ETTh2_dlinear_s1.npz,0.1329272536126192,0.2415471596314914,0.1410646462955559,0.2533221605139915,0.1345617422647538,0.2437947937140468,0.1329666300282465,5.768555691755206,4.648231666194757,1.214675601419224,0.9219368667862992,0.0296137576915711
ETTh2,dlinear,refit,2,results/tsf_edge/elf_real/real_losses_refit_ETTh2_dlinear_s2.npz,0.1343851508662235,0.2434446102896359,0.1505263982113729,0.2632415475578891,0.1359248556867939,0.2456561235505007,0.1349593653766191,10.723200406671165,7.520445557287914,1.1327617842892823,0.9002475610628058,0.4254721477039647
ETTh2,patchtst,refit,0,results/tsf_edge/elf_real/real_losses_refit_ETTh2_patchtst_s0.npz,0.1404884250149456,0.2524564467539685,0.1539243298690109,0.2659269570677059,0.1365709533738029,0.2462361645153326,0.1413704230337262,8.728902614355526,5.0654925932566375,-2.868451558963847,-2.52614487026277,0.6238914759208125
ETTh2,patchtst,refit,1,results/tsf_edge/elf_real/real_losses_refit_ETTh2_patchtst_s1.npz,0.1406610578944936,0.2536241420404355,0.1664075379820362,0.3015645126549744,0.1382447819346174,0.2530937039182677,0.1410141077203656,15.471943398574885,15.897218871170182,-1.7478243490006706,-0.2095817137905076,0.2503648972286942
ETTh2,patchtst,refit,2,results/tsf_edge/elf_real/real_losses_refit_ETTh2_patchtst_s2.npz,0.1356316596614607,0.2460192242518226,0.1599854921813644,0.2673008961640642,0.1376174224650106,0.2463648375089547,0.1362079903546525,15.22252561019437,7.961691194323328,1.4429588695826667,0.140285139968288,0.4231254654673333
ETTm1,dlinear,refit,0,results/tsf_edge/elf_real/real_losses_refit_ETTm1_dlinear_s0.npz,0.2479582679330432,0.3280605525434759,0.2640003862547807,0.3391195211912549,0.2398791817784416,0.3196557852092729,0.2532665102636818,6.076551079836523,3.261082879844601,-3.367981370748363,-2.629318073721243,2.0959116644012843
ETTm1,dlinear,refit,1,results/tsf_edge/elf_real/real_losses_refit_ETTm1_dlinear_s1.npz,0.2528778484227444,0.3329891538814917,0.2714258901522036,0.3471124218506221,0.2408321487874222,0.321022661285525,0.2574245287483661,6.8335565627355095,4.068787827826082,-5.001699190067321,-3.727616158948788,1.7662187623410652
ETTm1,dlinear,refit,2,results/tsf_edge/elf_real/real_losses_refit_ETTm1_dlinear_s2.npz,0.2380417551735924,0.3181376418762861,0.2553406141308771,0.3337978190333603,0.236392291391518,0.3172088651192694,0.2413509978693517,6.774816852448684,4.6915157212303775,-0.6977654695780933,-0.2927965952866707,1.3711328003502166
ETTm1,patchtst,refit,0,results/tsf_edge/elf_real/real_losses_refit_ETTm1_patchtst_s0.npz,0.2738698740656219,0.3438358185649789,0.320290989471134,0.3598315111578851,0.2341020978967369,0.3151491595386346,0.277200079717549,14.49341908811198,4.44532846537935,-16.98736428514478,-9.102565613165648,1.2013725448132615
ETTm1,patchtst,refit,1,results/tsf_edge/elf_real/real_losses_refit_ETTm1_patchtst_s1.npz,0.2687833656220108,0.3455428977468173,0.3116047794356253,0.3632477510041613,0.2400622395629174,0.3210982689618958,0.2723218776956919,13.74221983731193,4.874043461632127,-11.964033207132484,-7.612818612803607,1.2993858971680703
ETTm1,patchtst,refit,2,results/tsf_edge/elf_real/real_losses_refit_ETTm1_patchtst_s2.npz,0.2639398912411018,0.3354681001519315,0.2998470838676395,0.3471134999125112,0.2342249442349912,0.3153034139537005,0.2682090189642302,11.97516819686266,3.354925626204364,-12.686499767632965,-6.395327581575749,1.5917166915620171
ETTm2,dlinear,refit,0,results/tsf_edge/elf_real/real_losses_refit_ETTm2_dlinear_s0.npz,0.0893893697645368,0.197640320780385,0.1020296539490167,0.2151515579462905,0.0859677712913702,0.1915749119627945,0.0940428472767286,12.38883373141313,8.139024106103388,-3.9800944258166826,-3.166076787115224,4.948252468896996
ETTm2,dlinear,refit,1,results/tsf_edge/elf_real/real_losses_refit_ETTm2_dlinear_s1.npz,0.0900226286618112,0.1989936260780635,0.1037356796600981,0.2172191392258056,0.0861575869416763,0.1917712156996107,0.0947572067146474,13.219223167206584,8.390380890330373,-4.486014357332535,-3.766159771217148,4.996536112650485
ETTm2,dlinear,refit,2,results/tsf_edge/elf_real/real_losses_refit_ETTm2_dlinear_s2.npz,0.0900704216937655,0.1995621796154277,0.1031248961800945,0.2162797652883894,0.086560521733612,0.1922637892191201,0.0950723162253413,12.658897094578458,7.729611529155422,-4.054850744725269,-3.7960296246891234,5.261147229988938
ETTm2,patchtst,refit,0,results/tsf_edge/elf_real/real_losses_refit_ETTm2_patchtst_s0.npz,0.0885980855760418,0.1971355403280331,0.1284445097311802,0.2427223750192445,0.0859315396793742,0.1919564129927379,0.0907478412514004,31.02228677467993,18.78147191316705,-3.103104991039296,-2.698074659006644,2.368933129112249
ETTm2,patchtst,refit,1,results/tsf_edge/elf_real/real_losses_refit_ETTm2_patchtst_s1.npz,0.0913764982020783,0.2017103907428258,0.1130723924280687,0.231368989480443,0.0865779978548114,0.1926546473789862,0.0950248156361137,19.18761402328356,12.818744121335335,-5.542401610295844,-4.700506054248077,3.8393312416476366
ETTm2,patchtst,refit,2,results/tsf_edge/elf_real/real_losses_refit_ETTm2_patchtst_s2.npz,0.093494632805136,0.2066646394123046,0.1116529630209007,0.2344577541349283,0.0868069505293328,0.1935729854655859,0.0971269206279375,16.26318704355889,11.854210079411176,-7.704086176306069,-6.76316166495563,3.7397333296662616
appliances,dlinear,refit,0,results/tsf_edge/elf_real/real_losses_refit_appliances_dlinear_s0.npz,0.1830580220428083,0.2482809414649274,0.2214710995625274,0.277695690730193,0.1924049017236124,0.2551450238648896,0.2001162452665849,17.344510229820763,10.59243994313358,4.857921808162036,2.6902670081455526,8.52415714728828
appliances,dlinear,refit,1,results/tsf_edge/elf_real/real_losses_refit_appliances_dlinear_s1.npz,0.1848631018632484,0.2492999116162049,0.2216167536762603,0.2749426919619233,0.1927177931318744,0.254789694363175,0.2026835614413251,16.584329119224417,9.326590993467686,4.075747828458754,2.154632965313364,8.79225697996997
appliances,dlinear,refit,2,results/tsf_edge/elf_real/real_losses_refit_appliances_dlinear_s2.npz,0.1849035052727041,0.249690914426237,0.2279299018765531,0.2843024989562914,0.1933092357141414,0.2563149893057636,0.2042361080091851,18.877030284140663,12.17421044736422,4.348333596366505,2.584349396603014,9.465810392162188
appliances,patchtst,refit,0,results/tsf_edge/elf_real/real_losses_refit_appliances_patchtst_s0.npz,0.181925032296886,0.2510409232287898,0.4695688419918777,0.3932843572278386,0.1778501548719746,0.2475296182400603,0.1854593072944797,61.257005144299406,36.168088403435775,-2.2911857613195474,-1.4185393302405205,1.9056875867555223
appliances,patchtst,refit,1,results/tsf_edge/elf_real/real_losses_refit_appliances_patchtst_s1.npz,0.1827326881517679,0.2531295975525798,0.4304963504108328,0.3902387975236796,0.1781395219232117,0.2479053988441591,0.1849405953756142,57.55302269638712,35.134692101643225,-2.5784094281650294,-2.1073355936490845,1.1938467156775712
appliances,patchtst,refit,2,results/tsf_edge/elf_real/real_losses_refit_appliances_patchtst_s2.npz,0.177343721876267,0.2455476498400052,0.4253650581247615,0.3816055212205236,0.1803146368311126,0.2495467674379269,0.1822880708451028,58.30787731881557,35.65406258938606,1.6476282830152011,1.6025523548071965,2.7123820806887577
bdg2,dlinear,refit,0,results/tsf_edge/elf_real/real_losses_refit_bdg2_dlinear_s0.npz,0.1928634565097236,0.2786979679567469,0.2141913409078947,0.2960556635998041,0.1843633622187008,0.2639356799112969,0.1955394131646882,9.957398047824151,5.862983815949086,-4.61051164869708,-5.593138468588732,1.3684998904598178
bdg2,dlinear,refit,1,results/tsf_edge/elf_real/real_losses_refit_bdg2_dlinear_s1.npz,0.1936807927963018,0.2823448037141445,0.2189961129917393,0.3092129231080201,0.1840154047804875,0.2660367344329237,0.1965853457092945,11.559712110685894,8.689196791587372,-5.252488522547427,-6.130006563184809,1.477502253544305
bdg2,dlinear,refit,2,results/tsf_edge/elf_real/real_losses_refit_bdg2_dlinear_s2.npz,0.1924315109224133,0.2814073170508537,0.2202234593301698,0.3118603725438192,0.1833431291738921,0.265758606508524,0.1951418022008308,12.619885498251794,9.764964764379169,-4.95703427200771,-5.888317502834206,1.3888829804022065
bdg2,patchtst,refit,0,results/tsf_edge/elf_real/real_losses_refit_bdg2_patchtst_s0.npz,0.1819472900404105,0.2800282363230282,0.2006033697453124,0.3000128517088697,0.1715608784200414,0.2612548685098514,0.1827757876745372,9.29998320994695,6.661253100328657,-6.054067638275629,-7.185844198906799,0.4532863158013045
bdg2,patchtst,refit,1,results/tsf_edge/elf_real/real_losses_refit_bdg2_patchtst_s1.npz,0.1879603928581101,0.2875929222652045,0.2115402672566757,0.319244193409723,0.1735643410005357,0.2656681205808239,0.1891490538192295,11.146754565623462,9.914439102701769,-8.294360336107287,-8.25270327371117,0.628425539075339
bdg2,patchtst,refit,2,results/tsf_edge/elf_real/real_losses_refit_bdg2_patchtst_s2.npz,0.1859157489609771,0.2840217131588963,0.2042283493221908,0.3035693631887781,0.1740971727914943,0.263628530932593,0.1878701665488299,8.966727891593385,6.43926970249824,-6.788494023183955,-7.735574808296297,1.0403022596697342
bdg2_fox,dlinear,legacy,0,results/tsf_edge/site_main96/proposed/blocks_legacy_bdg2_fox_dlinear_s0.npz,0.2087642744310804,0.2987169197747036,0.2372526588699503,0.3171059109380039,0.1759425950775218,0.2670600883223226,0.21530016979579325,12.007614403379897,5.7990061140473115,-18.654765970171727,-11.8538234789219,3.035713056293443
bdg2_fox,dlinear,refit,0,results/tsf_edge/site_main96/proposed/blocks_refit_bdg2_fox_dlinear_s0.npz,0.2092824496831106,0.2981701790019992,0.2351892860078212,0.3105632038170231,0.176374097224779,0.2663310263307556,0.21586175547909645,11.015313139667882,3.9905000536784807,-18.658268405701172,-11.954729086540095,3.0479256417531353
bdg2_fox,dlinear,legacy,1,results/tsf_edge/site_main96/proposed/blocks_legacy_bdg2_fox_dlinear_s1.npz,0.2096845266491115,0.3000555727237721,0.2381683133851615,0.3188474879185776,0.1761718198400659,0.2672872208889678,0.21653550332080315,11.959519858540768,5.893700250699263,-19.022739754558614,-12.259602881806476,3.163904563743414
bdg2_fox,dlinear,refit,1,results/tsf_edge/site_main96/proposed/blocks_refit_bdg2_fox_dlinear_s1.npz,0.2084160610613698,0.2993241960622907,0.2385137057040893,0.3185297449935427,0.1762299294383989,0.2673059550645421,0.215869907236328,12.618832345030928,6.029436570089031,-18.263714753526905,-11.978124838265458,3.4529343484629105
bdg2_fox,dlinear,legacy,2,results/tsf_edge/site_main96/proposed/blocks_legacy_bdg2_fox_dlinear_s2.npz,0.2095058336029064,0.3006221691080649,0.2393939464392653,0.3222495356018403,0.1760439831631782,0.2678524457757664,0.21644919488296574,12.484907526240042,6.711372431734819,-19.007664924686352,-12.234244580962983,3.2078480512776397
bdg2_fox,dlinear,refit,2,results/tsf_edge/site_main96/proposed/blocks_refit_bdg2_fox_dlinear_s2.npz,0.2086939153122755,0.2987083691569643,0.2363967731895128,0.3155418242591663,0.1758677574082741,0.2668853614701594,0.21538430315902912,11.718796963031597,5.334777772082622,-18.665250747353323,-11.92384906819366,3.106256003165553
bdg2_fox,patchtst,legacy,0,results/tsf_edge/site_main96/proposed/blocks_legacy_bdg2_fox_patchtst_s0.npz,0.1771020804892014,0.2850419118517323,0.1902763574626706,0.2979829077263204,0.1566480864252824,0.2581215671036227,0.17690200623963084,6.923759288409648,4.3428651573779735,-13.057289450947152,-10.429327952012013,-0.11309891494364344
bdg2_fox,patchtst,refit,0,results/tsf_edge/site_main96/proposed/blocks_refit_bdg2_fox_patchtst_s0.npz,0.1712181186783261,0.2806231796190728,0.178914805926664,0.2891902672104119,0.1535307318860586,0.2558323232947879,0.16965716551127946,4.301872731255529,2.9624398061452673,-11.520421074651054,-9.69027525725088,-0.9200632123863128
bdg2_fox,patchtst,legacy,1,results/tsf_edge/site_main96/proposed/blocks_legacy_bdg2_fox_patchtst_s1.npz,0.1698132026221985,0.2786373438826034,0.1845938965389207,0.2940718444077863,0.1541200676591076,0.2568618023849832,0.17076573927542332,8.007141186060696,5.248547529691416,-10.182408560708623,-8.477532001812849,0.5578031385373494
bdg2_fox,patchtst,refit,1,results/tsf_edge/site_main96/proposed/blocks_refit_bdg2_fox_patchtst_s1.npz,0.1655530911480587,0.272232354808405,0.1774665404722834,0.2872662049268533,0.1527530039470835,0.2558588288572744,0.16394638282212853,6.713067878891432,5.23342107794279,-8.379597697083184,-6.399437543061781,-0.9800206008041767
bdg2_fox,patchtst,legacy,2,results/tsf_edge/site_main96/proposed/blocks_legacy_bdg2_fox_patchtst_s2.npz,0.1738318424625394,0.2806784692846151,0.1835186399890558,0.2927541421756142,0.156612534656497,0.2585950918160283,0.17401844769573524,5.278372555013522,4.124851249331007,-10.994846513281997,-8.539751204673873,0.10723301791664142
bdg2_fox,patchtst,refit,2,results/tsf_edge/site_main96/proposed/blocks_refit_bdg2_fox_patchtst_s2.npz,0.1710311257446108,0.2753212425836569,0.1754773751672312,0.2859294277113035,0.1533490251914321,0.2552618557197038,0.1675399893287393,2.53380210319597,3.7100711222901483,-11.530624685162083,-7.858356591272231,-2.0837630644832794
bdg2_panther,dlinear,legacy,0,results/tsf_edge/site_main96/proposed/blocks_legacy_bdg2_panther_dlinear_s0.npz,0.0669031807768378,0.1638474589815462,0.0778961183824501,0.1785384359146622,0.0645714094415725,0.1597659239202654,0.07039056861248223,14.112304738523406,8.228467364942071,-3.611151367812715,-2.5546968722302665,4.954339628712734
bdg2_panther,dlinear,refit,0,results/tsf_edge/site_main96/proposed/blocks_refit_bdg2_panther_dlinear_s0.npz,0.0664986879967471,0.1631922170607847,0.0773265981251636,0.177811826713068,0.0645722431195545,0.1598904003382136,0.06991433389847221,14.002827475857726,8.221955717194618,-2.983394697355979,-2.0650500064962163,4.885472994257833
bdg2_panther,dlinear,legacy,1,results/tsf_edge/site_main96/proposed/blocks_legacy_bdg2_panther_dlinear_s1.npz,0.0664120899237262,0.163105464044486,0.0783383119311524,0.1793496516915571,0.0644993363564443,0.1596497756597401,0.07026476129760025,15.223996679820662,9.057273038370662,-2.965539919219329,-2.1645432137098464,5.483077580746897
bdg2_panther,dlinear,refit,1,results/tsf_edge/site_main96/proposed/blocks_refit_bdg2_panther_dlinear_s1.npz,0.0665592305606879,0.1630483813368107,0.0766093468180305,0.1766298462537482,0.0645434901825356,0.1597654377856747,0.0691442627235959,13.11865545755736,7.689224219459612,-3.1230730976145926,-2.054852161166476,3.7386068794191485
bdg2_panther,dlinear,legacy,2,results/tsf_edge/site_main96/proposed/blocks_legacy_bdg2_panther_dlinear_s2.npz,0.0666217241149721,0.1635094953788221,0.0805036916586102,0.1821439269362954,0.0647509063752711,0.1603996728104664,0.07064594900344558,17.243889388957445,10.230608217857684,-2.889253362506561,-1.9387960797341286,5.6963278790086225
bdg2_panther,dlinear,refit,2,results/tsf_edge/site_main96/proposed/blocks_refit_bdg2_panther_dlinear_s2.npz,0.066332979755961,0.1627458583050515,0.0766935526463754,0.1770248197118518,0.0642866907592892,0.1593320453274469,0.06940097809082849,13.509053281422146,8.066078773610707,-3.183067867552558,-2.1425777661918444,4.420684577171585
bdg2_panther,patchtst,legacy,0,results/tsf_edge/site_main96/proposed/blocks_legacy_bdg2_panther_patchtst_s0.npz,0.0678908211340164,0.1653554297347294,0.0735923416645027,0.1729121559470561,0.064002084282525,0.1581299428926661,0.06938586319145425,7.747437303298133,4.370268921197484,-6.075953455398908,-4.569335010111097,2.154678184679526
bdg2_panther,patchtst,refit,0,results/tsf_edge/site_main96/proposed/blocks_refit_bdg2_panther_patchtst_s0.npz,0.0668078320023271,0.1645044430852842,0.0810435353678488,0.1890732648971033,0.0650313236580703,0.161036881655389,0.0674203031994028,17.565501431924492,12.994339429844748,-2.7317733121926757,-2.153271594836026,0.9084373223066877
bdg2_panther,patchtst,legacy,1,results/tsf_edge/site_main96/proposed/blocks_legacy_bdg2_panther_patchtst_s1.npz,0.0676535763917048,0.165610677432609,0.0747446557941097,0.1751959008725725,0.0642925832951033,0.1588220132687886,0.06929797985236114,9.487072121835528,5.471145952744216,-5.227652902317703,-4.274384906789552,2.3729457397744125
bdg2_panther,patchtst,refit,1,results/tsf_edge/site_main96/proposed/blocks_refit_bdg2_panther_patchtst_s1.npz,0.0664816642004512,0.1625680258115187,0.072169150618005,0.1696844123948982,0.0632984872062637,0.1569350022770851,0.06804143312243505,7.880772281300574,4.193895292407824,-5.028835813745158,-3.5893990841430634,2.292381054316095
bdg2_panther,patchtst,legacy,2,results/tsf_edge/site_main96/proposed/blocks_legacy_bdg2_panther_patchtst_s2.npz,0.0672268852429438,0.1644349163286583,0.0729775293055062,0.1719463960494782,0.0642108326159199,0.1591709056962753,0.06881233309537332,7.880020216207162,4.368500819673149,-4.6971087340738515,-3.307143732930462,2.3040169997318727
bdg2_panther,patchtst,refit,2,results/tsf_edge/site_main96/proposed/blocks_refit_bdg2_panther_patchtst_s2.npz,0.0675319036982664,0.1656093661379093,0.076768485190991,0.1830177645667254,0.064072498488999,0.1596604406376917,0.06835629361665564,12.031736030410233,9.511862670833382,-5.399204480626518,-3.7259858963543557,1.2060190434145746
