dataset,backbone,kind,seed,rank,arm,mse,mae,state_bytes
ETTh1,dlinear,mae,0,2,base,0.4869653188891859,0.47262947733727456,0
ETTh1,dlinear,mae,0,2,boundary,0.4299635396939079,0.4468540827577371,4528
ETTh1,dlinear,mae,0,2,adapter,0.4827576264623193,0.4697141140022716,1056
ETTh1,dlinear,mae,0,2,adapter_global,0.48337068995516,0.470002034448073,1584
ETTh1,dlinear,mae,0,4,base,0.483213702633125,0.47042402104392583,0
ETTh1,dlinear,mae,0,4,boundary,0.4301022137449885,0.44714745412814944,4528
ETTh1,dlinear,mae,0,4,adapter,0.48912339437453584,0.4736588678576159,1440
ETTh1,dlinear,mae,0,4,adapter_global,0.4818428854864944,0.4697663052539567,1968
ETTh1,dlinear,sf,0,2,base,0.4970491477063112,0.4777909053208413,0
ETTh1,dlinear,sf,0,2,boundary,0.4375534519158638,0.4512358889681768,4528
ETTh1,dlinear,sf,0,2,adapter,0.49273700242092683,0.47502541186938624,1056
ETTh1,dlinear,sf,0,2,adapter_global,0.49301077544112726,0.47515220164092176,1584
ETTh1,dlinear,sf,0,4,base,0.49016431325358806,0.47369377161390575,0
ETTh1,dlinear,sf,0,4,boundary,0.43425814007995855,0.44949438718001794,4528
ETTh1,dlinear,sf,0,4,adapter,0.49551434308127684,0.4767123470626027,1440
ETTh1,dlinear,sf,0,4,adapter_global,0.48842569494032,0.4728851957638827,1968
ETTh1,dlinear,mae,1,2,base,0.4912081058127826,0.4708740727010691,0
ETTh1,dlinear,mae,1,2,boundary,0.435258590180438,0.44693783077381993,4528
ETTh1,dlinear,mae,1,2,adapter,0.49095351910521395,0.47089343147511015,1056
ETTh1,dlinear,mae,1,2,adapter_global,0.490444007983744,0.47047584050777463,1584
ETTh1,dlinear,mae,1,4,base,0.4884779430772316,0.46952849531285623,0
ETTh1,dlinear,mae,1,4,boundary,0.43419936432625184,0.44604030109202286,4528
ETTh1,dlinear,mae,1,4,adapter,0.48734688335299325,0.46894103789182306,1440
ETTh1,dlinear,mae,1,4,adapter_global,0.48623327965501156,0.4682658696975913,1968
ETTh1,dlinear,sf,1,2,base,0.4945643037758996,0.4736499519166041,0
ETTh1,dlinear,sf,1,2,boundary,0.4375423216077532,0.4489026091729969,4528
ETTh1,dlinear,sf,1,2,adapter,0.4941573791184464,0.47365708441331383,1056
ETTh1,dlinear,sf,1,2,adapter_global,0.4935783227189582,0.47316134553739725,1584
ETTh1,dlinear,sf,1,4,base,0.49210633214444005,0.4723831366852931,0
ETTh1,dlinear,sf,1,4,boundary,0.4367799026745774,0.44822495517264477,4528
ETTh1,dlinear,sf,1,4,adapter,0.4905277293425293,0.4716738844978612,1440
ETTh1,dlinear,sf,1,4,adapter_global,0.48943067805106133,0.4709196570942789,1968
ETTh1,dlinear,mae,2,2,base,0.5107688730525409,0.48537925939567284,0
ETTh1,dlinear,mae,2,2,boundary,0.4434587118375748,0.4556300334859895,4528
ETTh1,dlinear,mae,2,2,adapter,0.5095932538550825,0.4850741102404796,1056
ETTh1,dlinear,mae,2,2,adapter_global,0.5097790625120835,0.4849616755743487,1584
ETTh1,dlinear,mae,2,4,base,0.49678447774942186,0.4773855118984839,0
ETTh1,dlinear,mae,2,4,boundary,0.4384293470123985,0.45274471380447967,4528
ETTh1,dlinear,mae,2,4,adapter,0.4984206474934484,0.4791352735049608,1440
ETTh1,dlinear,mae,2,4,adapter_global,0.4964468998300267,0.47740635249353763,1968
ETTh1,dlinear,sf,2,2,base,0.5041101100307248,0.4821218232029461,0
ETTh1,dlinear,sf,2,2,boundary,0.44228234988030324,0.45552865628718897,4528
ETTh1,dlinear,sf,2,2,adapter,0.5026919418126745,0.4819224200982681,1056
ETTh1,dlinear,sf,2,2,adapter_global,0.503069214844401,0.48177734712686554,1584
ETTh1,dlinear,sf,2,4,base,0.5041046320826934,0.481625922977724,0
ETTh1,dlinear,sf,2,4,boundary,0.4428332960243079,0.4556463490537215,4528
ETTh1,dlinear,sf,2,4,adapter,0.5047337161934498,0.4833665101259841,1440
ETTh1,dlinear,sf,2,4,adapter_global,0.5031459580731146,0.4816012812423425,1968
ETTh1,patchtst,mae,0,2,base,0.5500131869640071,0.5056817074386071,0
ETTh1,patchtst,mae,0,2,boundary,0.41597737637590876,0.4433602767459662,4528
ETTh1,patchtst,mae,0,2,adapter,0.5470871473498944,0.5047950758051009,1056
ETTh1,patchtst,mae,0,2,adapter_global,0.5475808704223947,0.5049500337576805,1584
ETTh1,patchtst,mae,0,4,base,0.5527918652238474,0.5083404522826857,0
ETTh1,patchtst,mae,0,4,boundary,0.4169497814040618,0.4442446997011802,4528
ETTh1,patchtst,mae,0,4,adapter,0.5508893386784037,0.507786938970069,1440
ETTh1,patchtst,mae,0,4,adapter_global,0.5508447578682875,0.5077620349549085,1968
ETTh1,patchtst,sf,0,2,base,0.5964066994025048,0.5287900279107071,0
ETTh1,patchtst,sf,0,2,boundary,0.4279705401166282,0.4531575510469283,4528
ETTh1,patchtst,sf,0,2,adapter,0.595218762284884,0.5283972625866737,1056
ETTh1,patchtst,sf,0,2,adapter_global,0.5954086619582931,0.5284480827693018,1584
ETTh1,patchtst,sf,0,4,base,0.5953198558909824,0.5286421979280254,0
ETTh1,patchtst,sf,0,4,boundary,0.4278819539637226,0.45331777886096797,4528
ETTh1,patchtst,sf,0,4,adapter,0.595733497800208,0.5294001572299015,1440
ETTh1,patchtst,sf,0,4,adapter_global,0.595192554495577,0.5287153301738231,1968
ETTh1,patchtst,mae,1,2,base,0.5250751029106744,0.4852956720143952,0
ETTh1,patchtst,mae,1,2,boundary,0.43032691409814905,0.44685448836431574,4528
ETTh1,patchtst,mae,1,2,adapter,0.5208550864939149,0.48356435788612595,1056
ETTh1,patchtst,mae,1,2,adapter_global,0.5210185676448356,0.4836834174042531,1584
ETTh1,patchtst,mae,1,4,base,0.5198394964679035,0.4821246222174888,0
ETTh1,patchtst,mae,1,4,boundary,0.42818274903809306,0.44551571381433086,4528
ETTh1,patchtst,mae,1,4,adapter,0.5135485239363813,0.47969191255549903,1440
ETTh1,patchtst,mae,1,4,adapter_global,0.5137010413364063,0.4797629929065922,1968
ETTh1,patchtst,sf,1,2,base,0.5434888602351949,0.49807849293989886,0
ETTh1,patchtst,sf,1,2,boundary,0.4352320550098521,0.452287155598457,4528
ETTh1,patchtst,sf,1,2,adapter,0.5393238725305195,0.4962876893572719,1056
ETTh1,patchtst,sf,1,2,adapter_global,0.5394401351178435,0.49637604981448014,1584
ETTh1,patchtst,sf,1,4,base,0.5390709840532627,0.49621923234137155,0
ETTh1,patchtst,sf,1,4,boundary,0.43330810697627753,0.45111336017250825,4528
ETTh1,patchtst,sf,1,4,adapter,0.5348137839501714,0.4947153284849394,1440
ETTh1,patchtst,sf,1,4,adapter_global,0.534930438890237,0.49472690428043814,1968
ETTh1,patchtst,mae,2,2,base,0.536062560541632,0.4945794986574455,0
ETTh1,patchtst,mae,2,2,boundary,0.41577074325034824,0.43998354564780556,4528
ETTh1,patchtst,mae,2,2,adapter,0.5340443936923022,0.49435863837781324,1056
ETTh1,patchtst,mae,2,2,adapter_global,0.5342507616430247,0.49440289544131805,1584
ETTh1,patchtst,mae,2,4,base,0.5389068576886394,0.49591354676348526,0
ETTh1,patchtst,mae,2,4,boundary,0.41606235523104784,0.4394521969058105,4528
ETTh1,patchtst,mae,2,4,adapter,0.5329994586372424,0.4933038509487866,1440
ETTh1,patchtst,mae,2,4,adapter_global,0.5330983833972468,0.4933516049691011,1968
ETTh1,patchtst,sf,2,2,base,0.5403405893263422,0.49213091848591034,0
ETTh1,patchtst,sf,2,2,boundary,0.4211650182831172,0.44195323144536053,4528
ETTh1,patchtst,sf,2,2,adapter,0.5378250837927392,0.49174546928653406,1056
ETTh1,patchtst,sf,2,2,adapter_global,0.5379938179253565,0.4917954898741781,1584
ETTh1,patchtst,sf,2,4,base,0.5396080251258517,0.4917472963184136,0
ETTh1,patchtst,sf,2,4,boundary,0.42152735990562223,0.4422532420984054,4528
ETTh1,patchtst,sf,2,4,adapter,0.532881617482496,0.48959286795984497,1440
ETTh1,patchtst,sf,2,4,adapter_global,0.5331003041510126,0.48971015067226437,1968
ETTh2,dlinear,mae,0,2,base,0.1690118930965308,0.28017584695249126,0
ETTh2,dlinear,mae,0,2,boundary,0.1524514402475091,0.262124880796141,4528
ETTh2,dlinear,mae,0,2,adapter,0.16767727695824614,0.2787624627083522,1056
ETTh2,dlinear,mae,0,2,adapter_global,0.16777775732988448,0.27886534975082555,1584
ETTh2,dlinear,mae,0,4,base,0.16832133798963808,0.2795801023194683,0
ETTh2,dlinear,mae,0,4,boundary,0.15209141604039667,0.2619328227709688,4528
ETTh2,dlinear,mae,0,4,adapter,0.16713334689122772,0.27788868208276196,1440
ETTh2,dlinear,mae,0,4,adapter_global,0.1674726830264076,0.27835755535470336,1968
ETTh2,dlinear,sf,0,2,base,0.17000086208656873,0.28112487247879675,0
ETTh2,dlinear,sf,0,2,boundary,0.1527957879242068,0.2623441238861788,4528
ETTh2,dlinear,sf,0,2,adapter,0.16839631707370542,0.2794528614460612,1056
ETTh2,dlinear,sf,0,2,adapter_global,0.16848442155217352,0.27953670041095086,1584
ETTh2,dlinear,sf,0,4,base,0.17093178780753043,0.2822080588237582,0
ETTh2,dlinear,sf,0,4,boundary,0.15292959427609162,0.26269934938301276,4528
ETTh2,dlinear,sf,0,4,adapter,0.16865186231805734,0.2799511065015531,1440
ETTh2,dlinear,sf,0,4,adapter_global,0.16878291005983564,0.28008693298179715,1968
ETTh2,dlinear,mae,1,2,base,0.16556262138021569,0.27415837891812944,0
ETTh2,dlinear,mae,1,2,boundary,0.14995554733815822,0.25835239484973543,4528
ETTh2,dlinear,mae,1,2,adapter,0.16433370392996055,0.27286693773672466,1056
ETTh2,dlinear,mae,1,2,adapter_global,0.1645471442983049,0.2731167777545957,1584
ETTh2,dlinear,mae,1,4,base,0.16708601570937853,0.27580568199459254,0
ETTh2,dlinear,mae,1,4,boundary,0.14990992046476956,0.2584939765440811,4528
ETTh2,dlinear,mae,1,4,adapter,0.1641676231884524,0.272984226881125,1440
ETTh2,dlinear,mae,1,4,adapter_global,0.16433457345779143,0.27314388198551315,1968
ETTh2,dlinear,sf,1,2,base,0.16508300644758817,0.27494546788114116,0
ETTh2,dlinear,sf,1,2,boundary,0.14932745875156925,0.258404828655563,4528
ETTh2,dlinear,sf,1,2,adapter,0.16377502288765275,0.27352338579485763,1056
ETTh2,dlinear,sf,1,2,adapter_global,0.16403365599706976,0.27381851262882534,1584
ETTh2,dlinear,sf,1,4,base,0.16736784030454488,0.2774117762175944,0
ETTh2,dlinear,sf,1,4,boundary,0.1495843242619517,0.2588375976520861,4528
ETTh2,dlinear,sf,1,4,adapter,0.16388001279872302,0.27393753914737334,1440
ETTh2,dlinear,sf,1,4,adapter_global,0.1640647696297579,0.27411780123870716,1968
ETTh2,dlinear,mae,2,2,base,0.16682690102918707,0.27681782931534005,0
ETTh2,dlinear,mae,2,2,boundary,0.15382907238342827,0.26297132922274896,4528
ETTh2,dlinear,mae,2,2,adapter,0.16611277530947227,0.275616545193296,1056
ETTh2,dlinear,mae,2,2,adapter_global,0.16636538847315185,0.2759492069035605,1584
ETTh2,dlinear,mae,2,4,base,0.1677780413167973,0.2784127189885522,0
ETTh2,dlinear,mae,2,4,boundary,0.15322455822423467,0.2625866750642904,4528
ETTh2,dlinear,mae,2,4,adapter,0.1667929717198523,0.27641793210924653,1440
ETTh2,dlinear,mae,2,4,adapter_global,0.16709451713522008,0.2769609183743912,1968
ETTh2,dlinear,sf,2,2,base,0.1681430839894414,0.2784788928853984,0
ETTh2,dlinear,sf,2,2,boundary,0.1538608311274564,0.2632200165292077,4528
ETTh2,dlinear,sf,2,2,adapter,0.16718966067786753,0.2769576228674564,1056
ETTh2,dlinear,sf,2,2,adapter_global,0.16748650714839844,0.2773504910797967,1584
ETTh2,dlinear,sf,2,4,base,0.17038228038282952,0.28123799027771895,0
ETTh2,dlinear,sf,2,4,boundary,0.15394924464879398,0.2637125755729501,4528
ETTh2,dlinear,sf,2,4,adapter,0.1689801771598867,0.2787880779329736,1440
ETTh2,dlinear,sf,2,4,adapter_global,0.16932331517736204,0.27937506617650326,1968
ETTh2,patchtst,mae,0,2,base,0.29304375109436787,0.37056034706285945,0
ETTh2,patchtst,mae,0,2,boundary,0.1584015511665197,0.2703415854783006,4528
ETTh2,patchtst,mae,0,2,adapter,0.27013593811518855,0.35553672882577525,1056
ETTh2,patchtst,mae,0,2,adapter_global,0.2701692509077275,0.355582724765207,1584
ETTh2,patchtst,mae,0,4,base,0.2896422802317147,0.3707410558959678,0
ETTh2,patchtst,mae,0,4,boundary,0.15744297979860203,0.26998358407262746,4528
ETTh2,patchtst,mae,0,4,adapter,0.26720000852369113,0.3557448325397069,1440
ETTh2,patchtst,mae,0,4,adapter_global,0.267225883038104,0.35578117402493076,1968
ETTh2,patchtst,sf,0,2,base,0.3000880101201055,0.37325749898701627,0
ETTh2,patchtst,sf,0,2,boundary,0.1565834066676104,0.26889993161359005,4528
ETTh2,patchtst,sf,0,2,adapter,0.27502198958225815,0.3573485370488259,1056
ETTh2,patchtst,sf,0,2,adapter_global,0.27505106481858527,0.357392946158435,1584
ETTh2,patchtst,sf,0,4,base,0.29215363314423604,0.3681012190044122,0
ETTh2,patchtst,sf,0,4,boundary,0.15605990048067642,0.268747520336354,4528
ETTh2,patchtst,sf,0,4,adapter,0.26935822989943964,0.35311396403441636,1440
ETTh2,patchtst,sf,0,4,adapter_global,0.2693674125412005,0.3531395013758818,1968
ETTh2,patchtst,mae,1,2,base,0.25476209227485375,0.34746702852219763,0
ETTh2,patchtst,mae,1,2,boundary,0.15496631090600452,0.26678558429225424,4528
ETTh2,patchtst,mae,1,2,adapter,0.2470658231755976,0.34187972369663716,1056
ETTh2,patchtst,mae,1,2,adapter_global,0.24707129145465428,0.3418899385900541,1584
ETTh2,patchtst,mae,1,4,base,0.24750082833416548,0.3419595228915712,0
ETTh2,patchtst,mae,1,4,boundary,0.1548145360259291,0.2667430191830479,4528
ETTh2,patchtst,mae,1,4,adapter,0.234342628574113,0.33167845700149995,1440
ETTh2,patchtst,mae,1,4,adapter_global,0.23435628683828996,0.3317039392093334,1968
ETTh2,patchtst,sf,1,2,base,0.29818351363064005,0.3688857565245647,0
ETTh2,patchtst,sf,1,2,boundary,0.15673559456872477,0.2711620697341396,4528
ETTh2,patchtst,sf,1,2,adapter,0.2766676855175636,0.3563573780154895,1056
ETTh2,patchtst,sf,1,2,adapter_global,0.2766742729368314,0.35636475403258605,1584
ETTh2,patchtst,sf,1,4,base,0.3039958902349218,0.3720862503014967,0
ETTh2,patchtst,sf,1,4,boundary,0.1558966912616238,0.27080243737816934,4528
ETTh2,patchtst,sf,1,4,adapter,0.26667665830935855,0.3499741473645871,1440
ETTh2,patchtst,sf,1,4,adapter_global,0.26669231848842484,0.3499938141329489,1968
ETTh2,patchtst,mae,2,2,base,0.25512563271157435,0.3521529725948186,0
ETTh2,patchtst,mae,2,2,boundary,0.1615246363681436,0.2743843855732107,4528
ETTh2,patchtst,mae,2,2,adapter,0.2457320130771231,0.34553305295054193,1056
ETTh2,patchtst,mae,2,2,adapter_global,0.24574815632687985,0.3455561803816962,1584
ETTh2,patchtst,mae,2,4,base,0.2533077046251555,0.3502425440996668,0
ETTh2,patchtst,mae,2,4,boundary,0.16045141679072442,0.272982077514197,4528
ETTh2,patchtst,mae,2,4,adapter,0.23888441668938218,0.34009334524714585,1440
ETTh2,patchtst,mae,2,4,adapter_global,0.23891119213555997,0.34013110736982394,1968
ETTh2,patchtst,sf,2,2,base,0.28540495279897526,0.36735065952354146,0
ETTh2,patchtst,sf,2,2,boundary,0.1589515537489054,0.2728841894253643,4528
ETTh2,patchtst,sf,2,2,adapter,0.2758400837042307,0.3615723269234293,1056
ETTh2,patchtst,sf,2,2,adapter_global,0.27584357160875744,0.36157841671801394,1584
ETTh2,patchtst,sf,2,4,base,0.28674096238743274,0.3682391466344409,0
ETTh2,patchtst,sf,2,4,boundary,0.15827206260392196,0.2720348200501858,4528
ETTh2,patchtst,sf,2,4,adapter,0.27063578582930503,0.3583322929031899,1440
ETTh2,patchtst,sf,2,4,adapter_global,0.2706503146659669,0.3583522557393479,1968
ETTm1,dlinear,mae,0,2,base,0.290247710127101,0.35996875895026337,0
ETTm1,dlinear,mae,0,2,boundary,0.26399114515613165,0.34205687652321387,4528
ETTm1,dlinear,mae,0,2,adapter,0.2912918339742769,0.35958365970089295,1056
ETTm1,dlinear,mae,0,2,adapter_global,0.28925450335686653,0.3590057979322641,1584
ETTm1,dlinear,mae,0,4,base,0.2909873915686239,0.3608124806941855,0
ETTm1,dlinear,mae,0,4,boundary,0.26349884757000824,0.34154993396080485,4528
ETTm1,dlinear,mae,0,4,adapter,0.28959560093083747,0.35768122613189657,1440
ETTm1,dlinear,mae,0,4,adapter_global,0.28840555065608403,0.35798880986170045,1968
ETTm1,dlinear,sf,0,2,base,0.29028071855112103,0.36009070269646326,0
ETTm1,dlinear,sf,0,2,boundary,0.26356992050937045,0.3417182337226685,4528
ETTm1,dlinear,sf,0,2,adapter,0.29106740046336677,0.35930416557864403,1056
ETTm1,dlinear,sf,0,2,adapter_global,0.2889244448149063,0.3587871376372812,1584
ETTm1,dlinear,sf,0,4,base,0.2914351375099694,0.36134349768880536,0
ETTm1,dlinear,sf,0,4,boundary,0.263054413730612,0.3413056195012359,4528
ETTm1,dlinear,sf,0,4,adapter,0.2885168248646007,0.3569188842430332,1440
ETTm1,dlinear,sf,0,4,adapter_global,0.2875525142207805,0.357375882603252,1968
ETTm1,dlinear,mae,1,2,base,0.28344768642043516,0.35521925410248073,0
ETTm1,dlinear,mae,1,2,boundary,0.2576581618313197,0.3366107643279471,4528
ETTm1,dlinear,mae,1,2,adapter,0.28299466284318775,0.35436788339841613,1056
ETTm1,dlinear,mae,1,2,adapter_global,0.28153919601353183,0.3537472303622371,1584
ETTm1,dlinear,mae,1,4,base,0.28350325433962625,0.3550861820188262,0
ETTm1,dlinear,mae,1,4,boundary,0.25739243727464034,0.33634421597012054,4528
ETTm1,dlinear,mae,1,4,adapter,0.282636466565996,0.3539618163998715,1440
ETTm1,dlinear,mae,1,4,adapter_global,0.28118985276768477,0.3533278923124103,1968
ETTm1,dlinear,sf,1,2,base,0.2833558612091219,0.35530456715651976,0
ETTm1,dlinear,sf,1,2,boundary,0.25681684620091444,0.33609125335289636,4528
ETTm1,dlinear,sf,1,2,adapter,0.2821897188327597,0.3538510197871373,1056
ETTm1,dlinear,sf,1,2,adapter_global,0.28075752080079897,0.35331465549827284,1584
ETTm1,dlinear,sf,1,4,base,0.2834323677079006,0.35476845288857833,0
ETTm1,dlinear,sf,1,4,boundary,0.25683546497081366,0.3360879555835434,4528
ETTm1,dlinear,sf,1,4,adapter,0.2808456112472075,0.3527584949347457,1440
ETTm1,dlinear,sf,1,4,adapter_global,0.27973794029932497,0.3522161024113535,1968
ETTm1,dlinear,mae,2,2,base,0.28947882358555677,0.35919929868271067,0
ETTm1,dlinear,mae,2,2,boundary,0.26243812102789377,0.34095235874352514,4528
ETTm1,dlinear,mae,2,2,adapter,0.2871430561121235,0.3569266384311888,1056
ETTm1,dlinear,mae,2,2,adapter_global,0.2870421344770367,0.35712754876957836,1584
ETTm1,dlinear,mae,2,4,base,0.2916996432312215,0.36084992821533296,0
ETTm1,dlinear,mae,2,4,boundary,0.2625679514677294,0.3410153213848973,4528
ETTm1,dlinear,mae,2,4,adapter,0.2872500687914521,0.3564015737451083,1440
ETTm1,dlinear,mae,2,4,adapter_global,0.28725403315927206,0.3568471530070938,1968
ETTm1,dlinear,sf,2,2,base,0.29006520841788325,0.3584803360222545,0
ETTm1,dlinear,sf,2,2,boundary,0.2618290203531055,0.3401113025288125,4528
ETTm1,dlinear,sf,2,2,adapter,0.2875155188533423,0.35613986204267467,1056
ETTm1,dlinear,sf,2,2,adapter_global,0.2872626260040571,0.3564026430853877,1584
ETTm1,dlinear,sf,2,4,base,0.2932816571611816,0.3608939464309428,0
ETTm1,dlinear,sf,2,4,boundary,0.262239869089875,0.3404677377151406,4528
ETTm1,dlinear,sf,2,4,adapter,0.2881162548629402,0.35579116789726944,1440
ETTm1,dlinear,sf,2,4,adapter_global,0.2880534704503615,0.35643673835093537,1968
ETTm1,patchtst,mae,0,2,base,0.342313224826334,0.38237168523474874,0
ETTm1,patchtst,mae,0,2,boundary,0.27773492697209295,0.3516984609995322,4528
ETTm1,patchtst,mae,0,2,adapter,0.3450002992233886,0.38459677103297174,1056
ETTm1,patchtst,mae,0,2,adapter_global,0.342537210212683,0.3825533782900311,1584
ETTm1,patchtst,mae,0,4,base,0.3494601885922084,0.3884536788273764,0
ETTm1,patchtst,mae,0,4,boundary,0.2773705838987858,0.3518185103626935,4528
ETTm1,patchtst,mae,0,4,adapter,0.34251059155281893,0.38498920992502594,1440
ETTm1,patchtst,mae,0,4,adapter_global,0.34236675471045447,0.3849206937887868,1968
ETTm1,patchtst,sf,0,2,base,0.3371770680307979,0.3845145087958148,0
ETTm1,patchtst,sf,0,2,boundary,0.2771361644325306,0.35154081243826024,4528
ETTm1,patchtst,sf,0,2,adapter,0.3413341293731355,0.38772891890726857,1056
ETTm1,patchtst,sf,0,2,adapter_global,0.3374575472257365,0.3847871648116087,1584
ETTm1,patchtst,sf,0,4,base,0.33921378341272124,0.3854960689385327,0
ETTm1,patchtst,sf,0,4,boundary,0.2787527964536581,0.35164200750337643,4528
ETTm1,patchtst,sf,0,4,adapter,0.32592807696079545,0.37753024206179536,1440
ETTm1,patchtst,sf,0,4,adapter_global,0.32521687670274757,0.37711345665864576,1968
ETTm1,patchtst,mae,1,2,base,0.37987145328881605,0.4201219630629301,0
ETTm1,patchtst,mae,1,2,boundary,0.29577817453792193,0.364891109111942,4528
ETTm1,patchtst,mae,1,2,adapter,0.3448258699739186,0.39398478034586204,1056
ETTm1,patchtst,mae,1,2,adapter_global,0.3451392081520095,0.39446216746677404,1584
ETTm1,patchtst,mae,1,4,base,0.3508420975762901,0.3986210340869303,0
ETTm1,patchtst,mae,1,4,boundary,0.2897942535667759,0.362408812631872,4528
ETTm1,patchtst,mae,1,4,adapter,0.3334437665797916,0.38853039919826493,1440
ETTm1,patchtst,mae,1,4,adapter_global,0.33259466234871954,0.38821674228090847,1968
ETTm1,patchtst,sf,1,2,base,0.34152794575438844,0.39431226989245516,0
ETTm1,patchtst,sf,1,2,boundary,0.28323689012574726,0.35774178673873497,4528
ETTm1,patchtst,sf,1,2,adapter,0.3280439727407166,0.38740421304513933,1056
ETTm1,patchtst,sf,1,2,adapter_global,0.3270604471030811,0.38690992860795415,1584
ETTm1,patchtst,sf,1,4,base,0.33613071777374687,0.3883048474748864,0
ETTm1,patchtst,sf,1,4,boundary,0.28213830462877687,0.3567275585671094,4528
ETTm1,patchtst,sf,1,4,adapter,0.3260629735698141,0.3853314236476891,1440
ETTm1,patchtst,sf,1,4,adapter_global,0.32428415789244974,0.38367375661055075,1968
ETTm1,patchtst,mae,2,2,base,0.3462906318781557,0.39041139890644705,0
ETTm1,patchtst,mae,2,2,boundary,0.283423560172801,0.3549599509625529,4528
ETTm1,patchtst,mae,2,2,adapter,0.331535323573139,0.380637877852825,1056
ETTm1,patchtst,mae,2,2,adapter_global,0.3300951353169998,0.3802365475792952,1584
ETTm1,patchtst,mae,2,4,base,0.3531091166739909,0.3962277100105135,0
ETTm1,patchtst,mae,2,4,boundary,0.2840866135658033,0.3555233069601048,4528
ETTm1,patchtst,mae,2,4,adapter,0.33389239992662406,0.3828958166321832,1440
ETTm1,patchtst,mae,2,4,adapter_global,0.3322320803943792,0.38251509045781074,1968
ETTm1,patchtst,sf,2,2,base,0.34101249704734915,0.38776094364791697,0
ETTm1,patchtst,sf,2,2,boundary,0.27408223675587917,0.3492353029602784,4528
ETTm1,patchtst,sf,2,2,adapter,0.32714719835801076,0.37927571451518466,1056
ETTm1,patchtst,sf,2,2,adapter_global,0.32452278480717056,0.3780148073861413,1584
ETTm1,patchtst,sf,2,4,base,0.35207994885668875,0.3961876905714501,0
ETTm1,patchtst,sf,2,4,boundary,0.2742767414973265,0.349981043077131,4528
ETTm1,patchtst,sf,2,4,adapter,0.3297136576026522,0.38153205699327397,1440
ETTm1,patchtst,sf,2,4,adapter_global,0.3270176237739402,0.38038363249986235,1968
ETTm2,dlinear,mae,0,2,base,0.100903815433818,0.2103714805762839,0
ETTm2,dlinear,mae,0,2,boundary,0.09336652220932685,0.20317784252548324,4528
ETTm2,dlinear,mae,0,2,adapter,0.10100091113167027,0.21041736683118925,1056
ETTm2,dlinear,mae,0,2,adapter_global,0.09980751605160335,0.20914049124014286,1584
ETTm2,dlinear,mae,0,4,base,0.101882361562039,0.21128507546367026,0
ETTm2,dlinear,mae,0,4,boundary,0.09223477200162229,0.20142115782011577,4528
ETTm2,dlinear,mae,0,4,adapter,0.10007081591376499,0.20912487021654166,1440
ETTm2,dlinear,mae,0,4,adapter_global,0.09888503403464372,0.20793656523175608,1968
ETTm2,dlinear,sf,0,2,base,0.10089730354828107,0.2105719053177064,0
ETTm2,dlinear,sf,0,2,boundary,0.0919757971994136,0.20112953140863699,4528
ETTm2,dlinear,sf,0,2,adapter,0.1001911339956012,0.20948370884979653,1056
ETTm2,dlinear,sf,0,2,adapter_global,0.0986595465450243,0.20798894705971507,1584
ETTm2,dlinear,sf,0,4,base,0.10299323784235605,0.21297552739202,0
ETTm2,dlinear,sf,0,4,boundary,0.09192700253628751,0.20130208042109812,4528
ETTm2,dlinear,sf,0,4,adapter,0.10016854540384008,0.20937895675319296,1440
ETTm2,dlinear,sf,0,4,adapter_global,0.09867122058080874,0.20808409604218295,1968
ETTm2,dlinear,mae,1,2,base,0.10093805478846453,0.21047465007610516,0
ETTm2,dlinear,mae,1,2,boundary,0.09230906452497055,0.20172730992850246,4528
ETTm2,dlinear,mae,1,2,adapter,0.1000981295163222,0.2092227012914103,1056
ETTm2,dlinear,mae,1,2,adapter_global,0.09924283154505503,0.20838961366869801,1584
ETTm2,dlinear,mae,1,4,base,0.1014135583793393,0.21036504794922786,0
ETTm2,dlinear,mae,1,4,boundary,0.09207718071389448,0.20118367823583636,4528
ETTm2,dlinear,mae,1,4,adapter,0.09930202970093371,0.207629994592301,1440
ETTm2,dlinear,mae,1,4,adapter_global,0.09838986771525886,0.2067797172727209,1968
ETTm2,dlinear,sf,1,2,base,0.10351649386557765,0.21300957591405026,0
ETTm2,dlinear,sf,1,2,boundary,0.09192087974523945,0.201067063156471,4528
ETTm2,dlinear,sf,1,2,adapter,0.0992801184562474,0.20805068478528263,1056
ETTm2,dlinear,sf,1,2,adapter_global,0.09846226547311467,0.20728362510073572,1584
ETTm2,dlinear,sf,1,4,base,0.10586790466147537,0.21578600653299043,0
ETTm2,dlinear,sf,1,4,boundary,0.09192100908166286,0.2012198883909467,4528
ETTm2,dlinear,sf,1,4,adapter,0.09879122299588208,0.20718415410445867,1440
ETTm2,dlinear,sf,1,4,adapter_global,0.0979852378742237,0.2067005606777066,1968
ETTm2,dlinear,mae,2,2,base,0.10047230489929616,0.20879674887181002,0
ETTm2,dlinear,mae,2,2,boundary,0.09274252189213011,0.20163530942104468,4528
ETTm2,dlinear,mae,2,2,adapter,0.10009512219358326,0.20878404621458135,1056
ETTm2,dlinear,mae,2,2,adapter_global,0.09942309122924474,0.2077594296364347,1584
ETTm2,dlinear,mae,2,4,base,0.10143842122355687,0.20973374368278297,0
ETTm2,dlinear,mae,2,4,boundary,0.09301991937483337,0.20204310929376362,4528
ETTm2,dlinear,mae,2,4,adapter,0.10021257780345226,0.20887798022881943,1440
ETTm2,dlinear,mae,2,4,adapter_global,0.09920461713877692,0.20745458889984056,1968
ETTm2,dlinear,sf,2,2,base,0.10087509454100803,0.20947045918199783,0
ETTm2,dlinear,sf,2,2,boundary,0.09239661278379944,0.20167327425964757,4528
ETTm2,dlinear,sf,2,2,adapter,0.0994277808421881,0.20814229969175632,1056
ETTm2,dlinear,sf,2,2,adapter_global,0.09860009396063665,0.207082644589983,1584
ETTm2,dlinear,sf,2,4,base,0.10259857028218762,0.21161527172129027,0
ETTm2,dlinear,sf,2,4,boundary,0.09260400797617967,0.20204536736971593,4528
ETTm2,dlinear,sf,2,4,adapter,0.099833693901383,0.20900644694657408,1440
ETTm2,dlinear,sf,2,4,adapter_global,0.09865947501643606,0.2074959799756793,1968
ETTm2,patchtst,mae,0,2,base,0.12039281442236151,0.23278186416412971,0
ETTm2,patchtst,mae,0,2,boundary,0.10062779493023694,0.21414000491193244,4528
ETTm2,patchtst,mae,0,2,adapter,0.11207691380646286,0.2266416720914515,1056
ETTm2,patchtst,mae,0,2,adapter_global,0.11213331725143334,0.2261632732479323,1584
ETTm2,patchtst,mae,0,4,base,0.11918099086252962,0.23097512317907126,0
ETTm2,patchtst,mae,0,4,boundary,0.09939708382586342,0.21252974338808764,4528
ETTm2,patchtst,mae,0,4,adapter,0.11218906886202568,0.22556479887545258,1440
ETTm2,patchtst,mae,0,4,adapter_global,0.1118524903349892,0.2248612836882547,1968
ETTm2,patchtst,sf,0,2,base,0.12851523592424555,0.23869963479500622,0
ETTm2,patchtst,sf,0,2,boundary,0.09876940392923682,0.21134681769042973,4528
ETTm2,patchtst,sf,0,2,adapter,0.11456306824090223,0.22658316254017152,1056
ETTm2,patchtst,sf,0,2,adapter_global,0.11451075896870849,0.22648425002913758,1584
ETTm2,patchtst,sf,0,4,base,0.11584630592953966,0.22854462002218254,0
ETTm2,patchtst,sf,0,4,boundary,0.09697779827186052,0.20925124380581697,4528
ETTm2,patchtst,sf,0,4,adapter,0.10906169048099663,0.22126909596671568,1440
ETTm2,patchtst,sf,0,4,adapter_global,0.10849057545026368,0.22110688501363593,1968
ETTm2,patchtst,mae,1,2,base,0.13150710428709064,0.24309555194077204,0
ETTm2,patchtst,mae,1,2,boundary,0.09837926029828022,0.2108348825623942,4528
ETTm2,patchtst,mae,1,2,adapter,0.11472154144773171,0.22669473941158585,1056
ETTm2,patchtst,mae,1,2,adapter_global,0.11432299285016351,0.22644921897097478,1584
ETTm2,patchtst,mae,1,4,base,0.14326711651866597,0.25586445270706937,0
ETTm2,patchtst,mae,1,4,boundary,0.0979381126689493,0.20991877220948707,4528
ETTm2,patchtst,mae,1,4,adapter,0.11497690182044006,0.22718353871041766,1440
ETTm2,patchtst,mae,1,4,adapter_global,0.11509684321701852,0.2273206745872165,1968
ETTm2,patchtst,sf,1,2,base,0.16823519945729706,0.2841276519821405,0
ETTm2,patchtst,sf,1,2,boundary,0.09974596909349809,0.21300674796626756,4528
ETTm2,patchtst,sf,1,2,adapter,0.1267311225209851,0.2440491160878425,1056
ETTm2,patchtst,sf,1,2,adapter_global,0.12693564260546752,0.24426912594093028,1584
ETTm2,patchtst,sf,1,4,base,0.1846627538077167,0.29439563846047656,0
ETTm2,patchtst,sf,1,4,boundary,0.0998679077040728,0.21307497332815648,4528
ETTm2,patchtst,sf,1,4,adapter,0.12113903860538902,0.23462274457381313,1440
ETTm2,patchtst,sf,1,4,adapter_global,0.12144496551286794,0.23497419470831593,1968
ETTm2,patchtst,mae,2,2,base,0.11964916758768335,0.23199711345419416,0
ETTm2,patchtst,mae,2,2,boundary,0.10164455640349215,0.2153689617562258,4528
ETTm2,patchtst,mae,2,2,adapter,0.11470915670017011,0.2281267045416392,1056
ETTm2,patchtst,mae,2,2,adapter_global,0.11476639566025369,0.2281485821339719,1584
ETTm2,patchtst,mae,2,4,base,0.12887794221830381,0.24321612446649374,0
ETTm2,patchtst,mae,2,4,boundary,0.10071809400410654,0.2149017701084893,4528
ETTm2,patchtst,mae,2,4,adapter,0.11807184610697175,0.2337519748828185,1440
ETTm2,patchtst,mae,2,4,adapter_global,0.11830263031253506,0.23410155176301306,1968
ETTm2,patchtst,sf,2,2,base,0.12141687450152933,0.23691474449406882,0
ETTm2,patchtst,sf,2,2,boundary,0.1001594346291938,0.2142463115264654,4528
ETTm2,patchtst,sf,2,2,adapter,0.11418762978303253,0.2300317538479753,1056
ETTm2,patchtst,sf,2,2,adapter_global,0.11434152503241178,0.23028280565647377,1584
ETTm2,patchtst,sf,2,4,base,0.13887960154139656,0.25206052158246145,0
ETTm2,patchtst,sf,2,4,boundary,0.09768022460732345,0.2103589378263905,4528
ETTm2,patchtst,sf,2,4,adapter,0.11330082540040362,0.22726061360257838,1440
ETTm2,patchtst,sf,2,4,adapter_global,0.11342060253431245,0.22732052457056273,1968
appliances,dlinear,mae,0,2,base,0.24879565129483336,0.297146316912605,0
appliances,dlinear,mae,0,2,boundary,0.19552046178127244,0.2595458279940326,13192
appliances,dlinear,mae,0,2,adapter,0.24934391537624148,0.2937111106104921,2880
appliances,dlinear,mae,0,2,adapter_global,0.24828508362144774,0.29511078508594907,3408
appliances,dlinear,mae,0,4,base,0.2529206126641359,0.30436386428635454,0
appliances,dlinear,mae,0,4,boundary,0.1925283816677919,0.2573605346599252,13192
appliances,dlinear,mae,0,4,adapter,0.24874402647114638,0.2926922206041877,3264
appliances,dlinear,mae,0,4,adapter_global,0.24816151420202467,0.29479534321269557,3792
appliances,dlinear,sf,0,2,base,0.24932677999271835,0.2988413037242879,0
appliances,dlinear,sf,0,2,boundary,0.19607515001409348,0.26036033089609456,13192
appliances,dlinear,sf,0,2,adapter,0.24985827606849206,0.2949030488381497,2880
appliances,dlinear,sf,0,2,adapter_global,0.2486936663783458,0.29645646572561524,3408
appliances,dlinear,sf,0,4,base,0.2535937055511228,0.30595615729666253,0
appliances,dlinear,sf,0,4,boundary,0.1933397820463191,0.25817728971643117,13192
appliances,dlinear,sf,0,4,adapter,0.2491187155517285,0.2932689433371923,3264
appliances,dlinear,sf,0,4,adapter_global,0.24848565267887524,0.2956551583400638,3792
appliances,dlinear,mae,1,2,base,0.23661670834171805,0.2834233576122161,0
appliances,dlinear,mae,1,2,boundary,0.19135207773927837,0.25619541941257495,13192
appliances,dlinear,mae,1,2,adapter,0.23534286802846832,0.2770366886185115,2880
appliances,dlinear,mae,1,2,adapter_global,0.23487040664698539,0.2790775056607147,3408
appliances,dlinear,mae,1,4,base,0.24093521406422894,0.29039012041296003,0
appliances,dlinear,mae,1,4,boundary,0.18804874800570345,0.2535335695749415,13192
appliances,dlinear,mae,1,4,adapter,0.235060037496523,0.27663630739575024,3264
appliances,dlinear,mae,1,4,adapter_global,0.23465163092976404,0.27896635946346615,3792
appliances,dlinear,sf,1,2,base,0.23711884608345882,0.284626092178954,0
appliances,dlinear,sf,1,2,boundary,0.1912638309475529,0.256376348098418,13192
appliances,dlinear,sf,1,2,adapter,0.23564507495854098,0.27796653053110937,2880
appliances,dlinear,sf,1,2,adapter_global,0.23519878638614503,0.28001167152792367,3408
appliances,dlinear,sf,1,4,base,0.24206349773668462,0.2917747170480879,0
appliances,dlinear,sf,1,4,boundary,0.18754845796570188,0.25332999968805264,13192
appliances,dlinear,sf,1,4,adapter,0.23573095360235274,0.2772903041397106,3264
appliances,dlinear,sf,1,4,adapter_global,0.23533748061349125,0.279695354576885,3792
appliances,dlinear,mae,2,2,base,0.23735126629849934,0.2858029356699287,0
appliances,dlinear,mae,2,2,boundary,0.19257622239779398,0.2568533726822695,13192
appliances,dlinear,mae,2,2,adapter,0.23670226244689294,0.28033581653545087,2880
appliances,dlinear,mae,2,2,adapter_global,0.23619083275193734,0.2821882055961564,3408
appliances,dlinear,mae,2,4,base,0.2390282833453118,0.28873241637567454,0
appliances,dlinear,mae,2,4,boundary,0.19286648221789202,0.25739411504386783,13192
appliances,dlinear,mae,2,4,adapter,0.23735221579205767,0.28070218200222596,3264
appliances,dlinear,mae,2,4,adapter_global,0.23690043108544268,0.2828025399436443,3792
appliances,dlinear,sf,2,2,base,0.24013849306221674,0.289979188640894,0
appliances,dlinear,sf,2,2,boundary,0.19219355565051852,0.25682955957025566,13192
appliances,dlinear,sf,2,2,adapter,0.2388988791929658,0.2831999610409924,2880
appliances,dlinear,sf,2,2,adapter_global,0.2383625600217025,0.28532172871085343,3408
appliances,dlinear,sf,2,4,base,0.2426950759218954,0.2940507141620701,0
appliances,dlinear,sf,2,4,boundary,0.19251854318173442,0.25740824280108204,13192
appliances,dlinear,sf,2,4,adapter,0.24005584239584665,0.2838174298560093,3264
appliances,dlinear,sf,2,4,adapter_global,0.2395184115689174,0.28636488408348004,3792
appliances,patchtst,mae,0,2,base,0.485702821097067,0.4131629854881224,0
appliances,patchtst,mae,0,2,boundary,0.19389951284425389,0.25985559374654704,13192
appliances,patchtst,mae,0,2,adapter,0.4346370196678969,0.3914831062812884,2880
appliances,patchtst,mae,0,2,adapter_global,0.4346561872215729,0.39152328733449104,3408
appliances,patchtst,mae,0,4,base,0.5176314969907589,0.42649047922737376,0
appliances,patchtst,mae,0,4,boundary,0.19516472968772236,0.2608743913884968,13192
appliances,patchtst,mae,0,4,adapter,0.427341454524182,0.3884117170018606,3264
appliances,patchtst,mae,0,4,adapter_global,0.42736978342263354,0.38844306047597493,3792
appliances,patchtst,sf,0,2,base,0.4825624841933515,0.39933565590708325,0
appliances,patchtst,sf,0,2,boundary,0.19532060443889104,0.26093472863057976,13192
appliances,patchtst,sf,0,2,adapter,0.44122235595245424,0.3842516846803894,2880
appliances,patchtst,sf,0,2,adapter_global,0.44130403318924866,0.38433084791598315,3408
appliances,patchtst,sf,0,4,base,0.47801361949625126,0.3990152589204849,0
appliances,patchtst,sf,0,4,boundary,0.19312162781925982,0.2581414463340084,13192
appliances,patchtst,sf,0,4,adapter,0.40139392579960537,0.36806276972497476,3264
appliances,patchtst,sf,0,4,adapter_global,0.4014846509108198,0.3681639906616861,3792
appliances,patchtst,mae,1,2,base,0.5127388760398163,0.42064142323764914,0
appliances,patchtst,mae,1,2,boundary,0.19591075950212306,0.26405783310147934,13192
appliances,patchtst,mae,1,2,adapter,0.4763635127134745,0.40698298832258323,2880
appliances,patchtst,mae,1,2,adapter_global,0.47643965443735686,0.4070353203442579,3408
appliances,patchtst,mae,1,4,base,0.4771708061076378,0.40126237636782436,0
appliances,patchtst,mae,1,4,boundary,0.19415728569397214,0.2616590981026956,13192
appliances,patchtst,mae,1,4,adapter,0.42137666003842406,0.3786729245807101,3264
appliances,patchtst,mae,1,4,adapter_global,0.42149554542856027,0.378774447074842,3792
appliances,patchtst,sf,1,2,base,0.47198645051954036,0.39429974692657366,0
appliances,patchtst,sf,1,2,boundary,0.1955922648619211,0.2628603345681456,13192
appliances,patchtst,sf,1,2,adapter,0.42892256143579016,0.3782605540742956,2880
appliances,patchtst,sf,1,2,adapter_global,0.4290043563814331,0.3783157101618033,3408
appliances,patchtst,sf,1,4,base,0.4812634544131079,0.39973955782521425,0
appliances,patchtst,sf,1,4,boundary,0.19475215483814015,0.26247777350765783,13192
appliances,patchtst,sf,1,4,adapter,0.41816986129450884,0.3756032397174984,3264
appliances,patchtst,sf,1,4,adapter_global,0.41825216653191427,0.37565517912890317,3792
appliances,patchtst,mae,2,2,base,0.450941808316476,0.3864277143132226,0
appliances,patchtst,mae,2,2,boundary,0.1934652844037538,0.2584324270294165,13192
appliances,patchtst,mae,2,2,adapter,0.41411422632271405,0.3712183634639671,2880
appliances,patchtst,mae,2,2,adapter_global,0.4141230274492481,0.37122637090376975,3408
appliances,patchtst,mae,2,4,base,0.47739343735400347,0.40031647025179834,0
appliances,patchtst,mae,2,4,boundary,0.19256971688123184,0.25745525030337035,13192
appliances,patchtst,mae,2,4,adapter,0.4050199466683612,0.36934994781918323,3264
appliances,patchtst,mae,2,4,adapter_global,0.4050397034841336,0.36936697521343287,3792
appliances,patchtst,sf,2,2,base,0.48129504016834707,0.40883002599222207,0
appliances,patchtst,sf,2,2,boundary,0.19113312931730816,0.25733809730748125,13192
appliances,patchtst,sf,2,2,adapter,0.4417461627121289,0.3913901609096405,2880
appliances,patchtst,sf,2,2,adapter_global,0.4417543056543275,0.39139455272351587,3408
appliances,patchtst,sf,2,4,base,0.480075439834274,0.40792892130832387,0
appliances,patchtst,sf,2,4,boundary,0.19157586546902095,0.256452320907443,13192
appliances,patchtst,sf,2,4,adapter,0.4107785696396348,0.3768229491709658,3264
appliances,patchtst,sf,2,4,adapter_global,0.4107967068179476,0.37683324435292076,3792
bdg2,dlinear,mae,0,2,base,0.24962147486318154,0.3295382882564621,0
bdg2,dlinear,mae,0,2,boundary,0.21221880142614255,0.30097647527399907,8176
bdg2,dlinear,mae,0,2,adapter,0.24832052636201715,0.3270572658105066,1824
bdg2,dlinear,mae,0,2,adapter_global,0.24839511267181452,0.32717546293095023,2352
bdg2,dlinear,mae,0,4,base,0.24929291934701997,0.32984632152992993,0
bdg2,dlinear,mae,0,4,boundary,0.2118806391654733,0.30080232825512626,8176
bdg2,dlinear,mae,0,4,adapter,0.24634877533508193,0.326384264084968,2208
bdg2,dlinear,mae,0,4,adapter_global,0.24646570406322685,0.32653245822159793,2736
bdg2,dlinear,sf,0,2,base,0.24910364268460736,0.32925654169459667,0
bdg2,dlinear,sf,0,2,boundary,0.21211276704769655,0.3008978339707661,8176
bdg2,dlinear,sf,0,2,adapter,0.24740775163283593,0.32627172600796667,1824
bdg2,dlinear,sf,0,2,adapter_global,0.24744450502324997,0.32633042635168297,2352
bdg2,dlinear,sf,0,4,base,0.2484410417149629,0.32903710581581913,0
bdg2,dlinear,sf,0,4,boundary,0.21161645729783427,0.30051137724303034,8176
bdg2,dlinear,sf,0,4,adapter,0.2463734064298052,0.32571770064515737,2208
bdg2,dlinear,sf,0,4,adapter_global,0.24648660598042452,0.3259153348713831,2736
bdg2,dlinear,mae,1,2,base,0.24159182202606316,0.32654909335489113,0
bdg2,dlinear,mae,1,2,boundary,0.21116350335515546,0.30063708087368746,8176
bdg2,dlinear,mae,1,2,adapter,0.2420921222419997,0.3271292894843539,1824
bdg2,dlinear,mae,1,2,adapter_global,0.24169811693245155,0.32659671608674956,2352
bdg2,dlinear,mae,1,4,base,0.2419060081721997,0.32839936805552855,0
bdg2,dlinear,mae,1,4,boundary,0.21074789938135113,0.30033443101105683,8176
bdg2,dlinear,mae,1,4,adapter,0.24037010154765145,0.3254176350348996,2208
bdg2,dlinear,mae,1,4,adapter_global,0.2405594757937379,0.3258420867053407,2736
bdg2,dlinear,sf,1,2,base,0.24289599626656566,0.328294892293332,0
bdg2,dlinear,sf,1,2,boundary,0.21193543600274278,0.30172039168900294,8176
bdg2,dlinear,sf,1,2,adapter,0.24353227919665085,0.32897358864565285,1824
bdg2,dlinear,sf,1,2,adapter_global,0.24297986873446842,0.32832335028991755,2352
bdg2,dlinear,sf,1,4,base,0.243168811428015,0.3302145323975436,0
bdg2,dlinear,sf,1,4,boundary,0.2114632207002579,0.3014137939845279,8176
bdg2,dlinear,sf,1,4,adapter,0.24180703117134314,0.3272401540747822,2208
bdg2,dlinear,sf,1,4,adapter_global,0.24201241079731978,0.32772901695591633,2736
bdg2,dlinear,mae,2,2,base,0.24017982446743522,0.3252165909393951,0
bdg2,dlinear,mae,2,2,boundary,0.20914201441418162,0.2980152777050853,8176
bdg2,dlinear,mae,2,2,adapter,0.23880242008846647,0.3230328488244794,1824
bdg2,dlinear,mae,2,2,adapter_global,0.23891556463169664,0.3232125946087606,2352
bdg2,dlinear,mae,2,4,base,0.24006285327720375,0.3258527066565871,0
bdg2,dlinear,mae,2,4,boundary,0.20897663866297658,0.2979780876415248,8176
bdg2,dlinear,mae,2,4,adapter,0.23824542848697694,0.32242258336794155,2208
bdg2,dlinear,mae,2,4,adapter_global,0.23840546656476336,0.3227985546044949,2736
bdg2,dlinear,sf,2,2,base,0.23928071026025893,0.32470213463880854,0
bdg2,dlinear,sf,2,2,boundary,0.20889628679985428,0.2977922159548875,8176
bdg2,dlinear,sf,2,2,adapter,0.23805233924669533,0.3226502945754669,1824
bdg2,dlinear,sf,2,2,adapter_global,0.23815912010184667,0.3228492055254753,2352
bdg2,dlinear,sf,2,4,base,0.23907028079114537,0.32518546118768554,0
bdg2,dlinear,sf,2,4,boundary,0.2085039326334499,0.2974166778147168,8176
bdg2,dlinear,sf,2,4,adapter,0.23748537357882554,0.32189571300104136,2208
bdg2,dlinear,sf,2,4,adapter_global,0.2376365384593891,0.32231515102955766,2736
bdg2,patchtst,mae,0,2,base,0.2573572585344691,0.35063251821248137,0
bdg2,patchtst,mae,0,2,boundary,0.20836874429108332,0.30311666605776505,8176
bdg2,patchtst,mae,0,2,adapter,0.2538450552448053,0.347400172191678,1824
bdg2,patchtst,mae,0,2,adapter_global,0.2539054367312804,0.34748070307945755,2352
bdg2,patchtst,mae,0,4,base,0.25723578055041324,0.3504220849281732,0
bdg2,patchtst,mae,0,4,boundary,0.2081043076585541,0.3026803613533313,8176
bdg2,patchtst,mae,0,4,adapter,0.2533198849405917,0.34657867236964573,2208
bdg2,patchtst,mae,0,4,adapter_global,0.25344360417611494,0.3467692148524428,2736
bdg2,patchtst,sf,0,2,base,0.2586432090028555,0.3533856947673878,0
bdg2,patchtst,sf,0,2,boundary,0.2077779337500762,0.3024965547654128,8176
bdg2,patchtst,sf,0,2,adapter,0.2556032401475683,0.3504672806690619,1824
bdg2,patchtst,sf,0,2,adapter_global,0.2556753106960548,0.35055017825508966,2352
bdg2,patchtst,sf,0,4,base,0.25787491705689786,0.35248327120625067,0
bdg2,patchtst,sf,0,4,boundary,0.2074367819746414,0.30203918567709154,8176
bdg2,patchtst,sf,0,4,adapter,0.2539700427447371,0.34839810433501056,2208
bdg2,patchtst,sf,0,4,adapter_global,0.2540397892907419,0.34849629161164164,2736
bdg2,patchtst,mae,1,2,base,0.2772960929485479,0.36991748007973924,0
bdg2,patchtst,mae,1,2,boundary,0.21271397870131398,0.30787817346532553,8176
bdg2,patchtst,mae,1,2,adapter,0.2746706593473798,0.3671488877081606,1824
bdg2,patchtst,mae,1,2,adapter_global,0.2747321235043558,0.3672108668374738,2352
bdg2,patchtst,mae,1,4,base,0.2788812686445982,0.372787638553019,0
bdg2,patchtst,mae,1,4,boundary,0.21244665419148706,0.30768624045809667,8176
bdg2,patchtst,mae,1,4,adapter,0.271186452924411,0.3646883295975659,2208
bdg2,patchtst,mae,1,4,adapter_global,0.2713703749950025,0.3648956832059508,2736
bdg2,patchtst,sf,1,2,base,0.268612843405112,0.36036734596181585,0
bdg2,patchtst,sf,1,2,boundary,0.21018679888914069,0.305105275443697,8176
bdg2,patchtst,sf,1,2,adapter,0.26618536482785304,0.3578238218138738,1824
bdg2,patchtst,sf,1,2,adapter_global,0.26624569829498396,0.357884840524495,2352
bdg2,patchtst,sf,1,4,base,0.26893266437650276,0.3613955609023609,0
bdg2,patchtst,sf,1,4,boundary,0.21002335261818497,0.30493089370350673,8176
bdg2,patchtst,sf,1,4,adapter,0.2627058796321512,0.3548919832784567,2208
bdg2,patchtst,sf,1,4,adapter_global,0.262899559279131,0.3551174435909427,2736
bdg2,patchtst,mae,2,2,base,0.2634954412353585,0.35599991196640535,0
bdg2,patchtst,mae,2,2,boundary,0.20896703848788503,0.3043213745167678,8176
bdg2,patchtst,mae,2,2,adapter,0.2607378043356447,0.3533286400091809,1824
bdg2,patchtst,mae,2,2,adapter_global,0.26075087818738873,0.3533427471727406,2352
bdg2,patchtst,mae,2,4,base,0.26381671543273455,0.356553396628252,0
bdg2,patchtst,mae,2,4,boundary,0.2085715126834681,0.3038910053865453,8176
bdg2,patchtst,mae,2,4,adapter,0.2589797724649954,0.35183145108969494,2208
bdg2,patchtst,mae,2,4,adapter_global,0.2589979799500011,0.3518514344863484,2736
bdg2,patchtst,sf,2,2,base,0.26343225318895824,0.35638139379836725,0
bdg2,patchtst,sf,2,2,boundary,0.20895912918599474,0.30422253911721187,8176
bdg2,patchtst,sf,2,2,adapter,0.259586310982835,0.35255839061295285,1824
bdg2,patchtst,sf,2,2,adapter_global,0.2596032629086931,0.3525754695217848,2352
bdg2,patchtst,sf,2,4,base,0.26444182990260234,0.3575755480149045,0
bdg2,patchtst,sf,2,4,boundary,0.20899503055902802,0.30424958556381193,8176
bdg2,patchtst,sf,2,4,adapter,0.25846236218692126,0.3515692487695513,2208
bdg2,patchtst,sf,2,4,adapter_global,0.2584869201589775,0.35159444604519763,2736
ETTh1,dlinear,mae,0,64,base,0.5065316264512538,0.48484665337545924,0
ETTh1,dlinear,mae,0,64,boundary,0.43938624840093465,0.45239953056754817,4528
ETTh1,dlinear,mae,0,64,adapter,0.4983360407168562,0.47834328726988845,12960
ETTh1,dlinear,mae,0,64,adapter_global,0.49012370732335403,0.4750217910863782,13488
ETTh1,dlinear,sf,0,64,base,0.5126109305496505,0.4876372336814316,0
ETTh1,dlinear,sf,0,64,boundary,0.4430611582229616,0.454577727664527,4528
ETTh1,dlinear,sf,0,64,adapter,0.5034520591598537,0.4810580915885193,12960
ETTh1,dlinear,sf,0,64,adapter_global,0.4953542960380796,0.47760383992596483,13488
ETTh1,patchtst,mae,0,64,base,0.5619704071675818,0.510188498306866,0
ETTh1,patchtst,mae,0,64,boundary,0.4105390853386766,0.43880816401323003,4528
ETTh1,patchtst,mae,0,64,adapter,0.5236183277676455,0.49350312699899374,12960
ETTh1,patchtst,mae,0,64,adapter_global,0.5250727028132777,0.49427335100682307,13488
ETTh1,patchtst,sf,0,64,base,0.5839392318369545,0.5284244231584768,0
ETTh1,patchtst,sf,0,64,boundary,0.42286699512499476,0.4511427381628965,4528
ETTh1,patchtst,sf,0,64,adapter,0.5484547809051212,0.5113479926215704,12960
ETTh1,patchtst,sf,0,64,adapter_global,0.5495108812106118,0.5124512051633026,13488
ETTh2,dlinear,mae,0,64,base,0.18577201173778998,0.297172788239993,0
ETTh2,dlinear,mae,0,64,boundary,0.15573767102864913,0.26772760384854455,4528
ETTh2,dlinear,mae,0,64,adapter,0.16790756469519688,0.27763740450997676,12960
ETTh2,dlinear,mae,0,64,adapter_global,0.16775515174657935,0.27799039182193674,13488
ETTh2,dlinear,sf,0,64,base,0.1868591588676744,0.29826376702997653,0
ETTh2,dlinear,sf,0,64,boundary,0.15558932647824242,0.2677354278550034,4528
ETTh2,dlinear,sf,0,64,adapter,0.1679289516883014,0.2777580500107042,12960
ETTh2,dlinear,sf,0,64,adapter_global,0.1677175406947768,0.27806021713094164,13488
ETTh2,patchtst,mae,0,64,base,0.3384307651776469,0.4032719865778614,0
ETTh2,patchtst,mae,0,64,boundary,0.15167389701214595,0.26386247251888656,4528
ETTh2,patchtst,mae,0,64,adapter,0.2022403838917215,0.3100437405339186,12960
ETTh2,patchtst,mae,0,64,adapter_global,0.20243649847676998,0.3102536828399414,13488
ETTh2,patchtst,sf,0,64,base,0.4447073308716193,0.4643782746851055,0
ETTh2,patchtst,sf,0,64,boundary,0.15110762601535335,0.2642518619051771,4528
ETTh2,patchtst,sf,0,64,adapter,0.23775584678472225,0.33625723430336135,12960
ETTh2,patchtst,sf,0,64,adapter_global,0.23784145526027523,0.33633981426244763,13488
ETTm1,dlinear,mae,0,64,base,0.3174063768762686,0.38193336222857033,0
ETTm1,dlinear,mae,0,64,boundary,0.26782981056048316,0.34699441130805025,4528
ETTm1,dlinear,mae,0,64,adapter,0.3002296540285472,0.36751437532042935,12960
ETTm1,dlinear,mae,0,64,adapter_global,0.3003403725785207,0.3683594070220081,13488
ETTm1,dlinear,sf,0,64,base,0.3288817591496748,0.3875534789254998,0
ETTm1,dlinear,sf,0,64,boundary,0.2664358029614239,0.3457636447907093,4528
ETTm1,dlinear,sf,0,64,adapter,0.2989913229263134,0.3666535039143468,12960
ETTm1,dlinear,sf,0,64,adapter_global,0.29966074165823364,0.3674795618072402,13488
ETTm1,patchtst,mae,0,64,base,0.3594576831705976,0.39457488924703393,0
ETTm1,patchtst,mae,0,64,boundary,0.2711922287176742,0.34795804660648094,4528
ETTm1,patchtst,mae,0,64,adapter,0.32531574200294683,0.37706963135458393,12960
ETTm1,patchtst,mae,0,64,adapter_global,0.3251114943709538,0.37665527079029587,13488
ETTm1,patchtst,sf,0,64,base,0.3592786401035403,0.39377617700475365,0
ETTm1,patchtst,sf,0,64,boundary,0.2704968589989971,0.34790398875074435,4528
ETTm1,patchtst,sf,0,64,adapter,0.3233121792379294,0.37694346415685337,12960
ETTm1,patchtst,sf,0,64,adapter_global,0.3233767190174091,0.37657736682021603,13488
ETTm2,dlinear,mae,0,64,base,0.10932757739866983,0.2204022314275697,0
ETTm2,dlinear,mae,0,64,boundary,0.09426141868775406,0.2051893155723912,4528
ETTm2,dlinear,mae,0,64,adapter,0.10369704778040542,0.21330039166243667,12960
ETTm2,dlinear,mae,0,64,adapter_global,0.10022806304849055,0.2104544300112625,13488
ETTm2,dlinear,sf,0,64,base,0.11475078216278513,0.2263526353836515,0
ETTm2,dlinear,sf,0,64,boundary,0.09326349402473709,0.2038661932324512,4528
ETTm2,dlinear,sf,0,64,adapter,0.10060312268788403,0.20912055905288066,12960
ETTm2,dlinear,sf,0,64,adapter_global,0.09877737054899312,0.20845848165444505,13488
ETTm2,patchtst,mae,0,64,base,0.12379036878280038,0.23330356604888253,0
ETTm2,patchtst,mae,0,64,boundary,0.0981534143402717,0.2105077266986596,4528
ETTm2,patchtst,mae,0,64,adapter,0.1119097600400959,0.22303138034249972,12960
ETTm2,patchtst,mae,0,64,adapter_global,0.11039846246630898,0.22116295044528012,13488
ETTm2,patchtst,sf,0,64,base,0.14403265055743186,0.25395861835709144,0
ETTm2,patchtst,sf,0,64,boundary,0.09766984777130036,0.20981507088153156,4528
ETTm2,patchtst,sf,0,64,adapter,0.11101869736523176,0.22264341666454296,12960
ETTm2,patchtst,sf,0,64,adapter_global,0.11042481184831074,0.2221789963089005,13488
appliances,dlinear,mae,0,64,base,0.30643198458187715,0.3548559437502435,0
appliances,dlinear,mae,0,64,boundary,0.19374725044601424,0.2627504261541792,13192
appliances,dlinear,mae,0,64,adapter,0.24300231751258594,0.2841706959125741,14784
appliances,dlinear,mae,0,64,adapter_global,0.24282948776024332,0.287532827549959,15312
appliances,dlinear,sf,0,64,base,0.31602510726266864,0.3641877168069233,0
appliances,dlinear,sf,0,64,boundary,0.19090666646444113,0.2600608083402072,13192
appliances,dlinear,sf,0,64,adapter,0.23926638108966078,0.2772161146444168,14784
appliances,dlinear,sf,0,64,adapter_global,0.23911597274354845,0.2805660175430888,15312
appliances,patchtst,mae,0,64,base,0.5270331729099699,0.4338054720603531,0
appliances,patchtst,mae,0,64,boundary,0.19067149627873314,0.25492857420987336,13192
appliances,patchtst,mae,0,64,adapter,0.3505207504278727,0.34778777340430833,14784
appliances,patchtst,mae,0,64,adapter_global,0.35062592301190537,0.3479543315571466,15312
appliances,patchtst,sf,0,64,base,0.5184516655606658,0.43535934982555,0
appliances,patchtst,sf,0,64,boundary,0.18980354928330495,0.25420039781707615,13192
appliances,patchtst,sf,0,64,adapter,0.3517077008044097,0.3499148470236686,14784
appliances,patchtst,sf,0,64,adapter_global,0.3517798138046591,0.3500411052133483,15312
bdg2,dlinear,mae,0,64,base,0.27471290445831925,0.3607248968868399,0
bdg2,dlinear,mae,0,64,boundary,0.21580549038838412,0.30634644237384345,8176
bdg2,dlinear,mae,0,64,adapter,0.23432810005390767,0.3135584886315493,13728
bdg2,dlinear,mae,0,64,adapter_global,0.23305062208893915,0.31591653551184834,14256
bdg2,dlinear,sf,0,64,base,0.2741651085086651,0.36117200628305957,0
bdg2,dlinear,sf,0,64,boundary,0.21468800282826073,0.30526396335095235,8176
bdg2,dlinear,sf,0,64,adapter,0.23376135697250058,0.3128910993986334,13728
bdg2,dlinear,sf,0,64,adapter_global,0.23257787735477478,0.3153783109075573,14256
bdg2,patchtst,mae,0,64,base,0.2780596288852641,0.3687745188498187,0
bdg2,patchtst,mae,0,64,boundary,0.20941835813460324,0.3037421516609126,8176
bdg2,patchtst,mae,0,64,adapter,0.23961246144370693,0.33093919109323633,13728
bdg2,patchtst,mae,0,64,adapter_global,0.23986526675999562,0.33174849578439614,14256
bdg2,patchtst,sf,0,64,base,0.28599798245416586,0.3754342692852313,0
bdg2,patchtst,sf,0,64,boundary,0.2085680557000125,0.3026500623597441,8176
bdg2,patchtst,sf,0,64,adapter,0.241384005948513,0.3320865880703502,13728
bdg2,patchtst,sf,0,64,adapter_global,0.24173492088580723,0.33278548337500713,14256
ETTh1,dlinear,mae,1,64,base,0.4977031751226991,0.47690585496376087,0
ETTh1,dlinear,mae,1,64,boundary,0.4347725559244873,0.4464714165131107,4528
ETTh1,dlinear,mae,1,64,adapter,0.4884730498934236,0.47122121168957026,12960
ETTh1,dlinear,mae,1,64,adapter_global,0.48308424859560023,0.46839150345032937,13488
ETTh1,dlinear,sf,1,64,base,0.5588889070616795,0.5089235573226215,0
ETTh1,dlinear,sf,1,64,boundary,0.4737225325676679,0.47320280341872845,4528
ETTh1,dlinear,sf,1,64,adapter,0.5476750691967456,0.5028553582864121,12960
ETTh1,dlinear,sf,1,64,adapter_global,0.5433752988003363,0.501043280327062,13488
ETTh1,patchtst,mae,1,64,base,0.5527249490991918,0.4966093858247967,0
ETTh1,patchtst,mae,1,64,boundary,0.42352819042635204,0.44454518855945147,4528
ETTh1,patchtst,mae,1,64,adapter,0.5051168967069013,0.4764167276507247,12960
ETTh1,patchtst,mae,1,64,adapter_global,0.5065541811836631,0.4772761592926926,13488
ETTh1,patchtst,sf,1,64,base,0.5736526138646253,0.5077981821928177,0
ETTh1,patchtst,sf,1,64,boundary,0.42588344634709513,0.44736732260010414,4528
ETTh1,patchtst,sf,1,64,adapter,0.5195414823508706,0.4858674535770505,12960
ETTh1,patchtst,sf,1,64,adapter_global,0.5208781463588568,0.4865525786571744,13488
ETTh2,dlinear,mae,1,64,base,0.18841661356767547,0.30078515733089795,0
ETTh2,dlinear,mae,1,64,boundary,0.15176998543705694,0.2621128502988221,4528
ETTh2,dlinear,mae,1,64,adapter,0.1665237478171268,0.27730654233596824,12960
ETTh2,dlinear,mae,1,64,adapter_global,0.16699436356716663,0.2781718505561974,13488
ETTh2,dlinear,sf,1,64,base,0.19409138425673075,0.30694093859690363,0
ETTh2,dlinear,sf,1,64,boundary,0.15109874791487593,0.26136184931178214,4528
ETTh2,dlinear,sf,1,64,adapter,0.16816968599668924,0.2794656531220967,12960
ETTh2,dlinear,sf,1,64,adapter_global,0.1687114571906232,0.2803804534839637,13488
ETTh2,patchtst,mae,1,64,base,0.32832018306318705,0.4012603070539897,0
ETTh2,patchtst,mae,1,64,boundary,0.15247993262902282,0.2655285551653358,4528
ETTh2,patchtst,mae,1,64,adapter,0.23063556029308546,0.33121299905376356,12960
ETTh2,patchtst,mae,1,64,adapter_global,0.23069473297888232,0.33128286550581376,13488
ETTh2,patchtst,sf,1,64,base,0.4068656854641701,0.4378741883158535,0
ETTh2,patchtst,sf,1,64,boundary,0.1485333368904432,0.2622353095352023,4528
ETTh2,patchtst,sf,1,64,adapter,0.2299363010181633,0.3282606583120468,12960
ETTh2,patchtst,sf,1,64,adapter_global,0.23006899057265667,0.32837358388789833,13488
ETTm1,dlinear,mae,1,64,base,0.30485328528385675,0.371644600375757,0
ETTm1,dlinear,mae,1,64,boundary,0.2648717012357624,0.34400758863369885,4528
ETTm1,dlinear,mae,1,64,adapter,0.2914674424174074,0.3614500143368669,12960
ETTm1,dlinear,mae,1,64,adapter_global,0.29099899194566453,0.3617063534180182,13488
ETTm1,dlinear,sf,1,64,base,0.31834049550528015,0.379487210669835,0
ETTm1,dlinear,sf,1,64,boundary,0.2648637570348667,0.34375441596335166,4528
ETTm1,dlinear,sf,1,64,adapter,0.29263065100779173,0.36292772997201306,12960
ETTm1,dlinear,sf,1,64,adapter_global,0.29278945530974987,0.36311199396407906,13488
ETTm1,patchtst,mae,1,64,base,0.3630097123760042,0.40260851638473083,0
ETTm1,patchtst,mae,1,64,boundary,0.272435824857564,0.3503908093873946,4528
ETTm1,patchtst,mae,1,64,adapter,0.33078187314401303,0.38604486086332623,12960
ETTm1,patchtst,mae,1,64,adapter_global,0.3288855998756678,0.38505538059458144,13488
ETTm1,patchtst,sf,1,64,base,0.36082863764452194,0.4038541295007957,0
ETTm1,patchtst,sf,1,64,boundary,0.27117801724021656,0.34851243416727656,4528
ETTm1,patchtst,sf,1,64,adapter,0.3187103059781838,0.3812603609425191,12960
ETTm1,patchtst,sf,1,64,adapter_global,0.31824010745051917,0.3809018379717001,13488
ETTm2,dlinear,mae,1,64,base,0.11134067020556893,0.22339971290967714,0
ETTm2,dlinear,mae,1,64,boundary,0.09328550767572202,0.20352249588198748,4528
ETTm2,dlinear,mae,1,64,adapter,0.10286332957342974,0.21175678989762192,12960
ETTm2,dlinear,mae,1,64,adapter_global,0.09992516179321134,0.20999469488385325,13488
ETTm2,dlinear,sf,1,64,base,0.12216346052507882,0.2358214622437569,0
ETTm2,dlinear,sf,1,64,boundary,0.09386303790093174,0.20408616236263993,4528
ETTm2,dlinear,sf,1,64,adapter,0.10233057002649516,0.21105345474770604,12960
ETTm2,dlinear,sf,1,64,adapter_global,0.09980677621709974,0.21019693265452008,13488
ETTm2,patchtst,mae,1,64,base,0.15427364987078415,0.26842616699116884,0
ETTm2,patchtst,mae,1,64,boundary,0.09937054762202004,0.2131503157554325,4528
ETTm2,patchtst,mae,1,64,adapter,0.11544378417919199,0.2274895503461703,12960
ETTm2,patchtst,mae,1,64,adapter_global,0.11550756057277882,0.2276274176388521,13488
ETTm2,patchtst,sf,1,64,base,0.1510849435683858,0.26378468534553035,0
ETTm2,patchtst,sf,1,64,boundary,0.09984953492831651,0.2140480603203467,4528
ETTm2,patchtst,sf,1,64,adapter,0.11596030151444782,0.22879719666179588,12960
ETTm2,patchtst,sf,1,64,adapter_global,0.1146420805128815,0.2275069959776524,13488
appliances,dlinear,mae,1,64,base,0.2951720057721517,0.345591898872186,0
appliances,dlinear,mae,1,64,boundary,0.18875435300329196,0.2565920757274668,13192
appliances,dlinear,mae,1,64,adapter,0.23678343034371563,0.27281233782291564,14784
appliances,dlinear,mae,1,64,adapter_global,0.23579202312884168,0.2771040822421541,15312
appliances,dlinear,sf,1,64,base,0.2980043936784683,0.34842235585287024,0
appliances,dlinear,sf,1,64,boundary,0.18589962516583133,0.2538960166666693,13192
appliances,dlinear,sf,1,64,adapter,0.2360244497252443,0.27203714556216796,14784
appliances,dlinear,sf,1,64,adapter_global,0.23491841379093445,0.2762193986616525,15312
appliances,patchtst,mae,1,64,base,0.5137771394067537,0.42752544295211714,0
appliances,patchtst,mae,1,64,boundary,0.19085686511005742,0.2583964817182896,13192
appliances,patchtst,mae,1,64,adapter,0.3447828333367094,0.34576357465424723,14784
appliances,patchtst,mae,1,64,adapter_global,0.34492441595328127,0.345986602130477,15312
appliances,patchtst,sf,1,64,base,0.5126996533502723,0.42546011326797223,0
appliances,patchtst,sf,1,64,boundary,0.19110004402346556,0.25872034630670415,13192
appliances,patchtst,sf,1,64,adapter,0.33486834855566794,0.337975928590506,14784
appliances,patchtst,sf,1,64,adapter_global,0.3350081675144567,0.3383057613020505,15312
bdg2,dlinear,mae,1,64,base,0.2639763517259369,0.35536349585685795,0
bdg2,dlinear,mae,1,64,boundary,0.21453910123301695,0.3057359873718575,8176
bdg2,dlinear,mae,1,64,adapter,0.23729223340348568,0.3176919712426044,13728
bdg2,dlinear,mae,1,64,adapter_global,0.235857422342561,0.320702271208888,14256
bdg2,dlinear,sf,1,64,base,0.2662198798687434,0.36326163796177496,0
bdg2,dlinear,sf,1,64,boundary,0.21353697995639784,0.3057223991711259,8176
bdg2,dlinear,sf,1,64,adapter,0.2380860713092634,0.3192209626618756,13728
bdg2,dlinear,sf,1,64,adapter_global,0.23641143087783936,0.3230158965011113,14256
bdg2,patchtst,mae,1,64,base,0.30455657077897397,0.40011418100510243,0
bdg2,patchtst,mae,1,64,boundary,0.2111130475246408,0.30756158615003376,8176
bdg2,patchtst,mae,1,64,adapter,0.2569864711121286,0.3496287391208308,13728
bdg2,patchtst,mae,1,64,adapter_global,0.2574264304118781,0.35084297794181285,14256
bdg2,patchtst,sf,1,64,base,0.3058495489818319,0.3983800279860726,0
bdg2,patchtst,sf,1,64,boundary,0.2122460222852702,0.30781737945350607,8176
bdg2,patchtst,sf,1,64,adapter,0.25229063000669066,0.3423895416354485,13728
bdg2,patchtst,sf,1,64,adapter_global,0.25261659637992984,0.34394961689724257,14256
ETTh1,dlinear,mae,2,64,base,0.515809598851505,0.4874577253001245,0
ETTh1,dlinear,mae,2,64,boundary,0.4422277882618346,0.4543240396675807,4528
ETTh1,dlinear,mae,2,64,adapter,0.5062316795701397,0.4846867166318798,12960
ETTh1,dlinear,mae,2,64,adapter_global,0.500156648289408,0.48045983054661456,13488
ETTh1,dlinear,sf,2,64,base,0.524964842633922,0.4918550500823705,0
ETTh1,dlinear,sf,2,64,boundary,0.44608886162213524,0.45685865214945354,4528
ETTh1,dlinear,sf,2,64,adapter,0.5121060650313733,0.488378828128687,12960
ETTh1,dlinear,sf,2,64,adapter_global,0.5067138716320833,0.48429410692716,13488
ETTh1,patchtst,mae,2,64,base,0.5478534753125,0.4964670739819669,0
ETTh1,patchtst,mae,2,64,boundary,0.40627812661354334,0.433579085493873,4528
ETTh1,patchtst,mae,2,64,adapter,0.49110023214134885,0.471738691301585,12960
ETTh1,patchtst,mae,2,64,adapter_global,0.49251517898786745,0.4727482335032318,13488
ETTh1,patchtst,sf,2,64,base,0.5617818457853117,0.5036586757896454,0
ETTh1,patchtst,sf,2,64,boundary,0.4114303798565113,0.43597744605204214,4528
ETTh1,patchtst,sf,2,64,adapter,0.4997202946553551,0.47664655537010503,12960
ETTh1,patchtst,sf,2,64,adapter_global,0.5013857493127174,0.47761255349652737,13488
ETTh2,dlinear,mae,2,64,base,0.1835652380515411,0.2963637537476794,0
ETTh2,dlinear,mae,2,64,boundary,0.1540325817624564,0.2655165427916379,4528
ETTh2,dlinear,mae,2,64,adapter,0.16675923796020098,0.2778970996196893,12960
ETTh2,dlinear,mae,2,64,adapter_global,0.16692356161661231,0.2785189523198237,13488
ETTh2,dlinear,sf,2,64,base,0.18952949532237678,0.30281844643080397,0
ETTh2,dlinear,sf,2,64,boundary,0.1549620055999312,0.26679975670894396,4528
ETTh2,dlinear,sf,2,64,adapter,0.16817953548687084,0.27940959626424544,12960
ETTh2,dlinear,sf,2,64,adapter_global,0.16844208552497472,0.28008289969896716,13488
ETTh2,patchtst,mae,2,64,base,0.2762458799672232,0.3695266891372787,0
ETTh2,patchtst,mae,2,64,boundary,0.15460639377389962,0.2673528970266198,4528
ETTh2,patchtst,mae,2,64,adapter,0.19689077996796608,0.30716545328571276,12960
ETTh2,patchtst,mae,2,64,adapter_global,0.19692861603169226,0.3072068150159055,13488
ETTh2,patchtst,sf,2,64,base,0.3497547094289204,0.41140922971971383,0
ETTh2,patchtst,sf,2,64,boundary,0.1530225934072623,0.2657867646750906,4528
ETTh2,patchtst,sf,2,64,adapter,0.20552715225273505,0.31217309018281136,12960
ETTh2,patchtst,sf,2,64,adapter_global,0.20561213146477794,0.3122559185605229,13488
ETTm1,dlinear,mae,2,64,base,0.31365721977358596,0.3787121796941426,0
ETTm1,dlinear,mae,2,64,boundary,0.2624664238002922,0.3415906937470915,4528
ETTm1,dlinear,mae,2,64,adapter,0.296138210360606,0.3655393979058226,12960
ETTm1,dlinear,mae,2,64,adapter_global,0.2959714232282699,0.3659854762127392,13488
ETTm1,dlinear,sf,2,64,base,0.32581951525508596,0.3843830563077786,0
ETTm1,dlinear,sf,2,64,boundary,0.2601082489262392,0.33985138309447843,4528
ETTm1,dlinear,sf,2,64,adapter,0.2931515237117331,0.364124179586185,12960
ETTm1,dlinear,sf,2,64,adapter_global,0.2935987677402082,0.364420664884584,13488
ETTm1,patchtst,mae,2,64,base,0.36915307836123085,0.4044626799939098,0
ETTm1,patchtst,mae,2,64,boundary,0.2792757003874033,0.35327394281754126,4528
ETTm1,patchtst,mae,2,64,adapter,0.3323688420727032,0.3812503509464625,12960
ETTm1,patchtst,mae,2,64,adapter_global,0.3305533429121849,0.3807233368816427,13488
ETTm1,patchtst,sf,2,64,base,0.3854777934847394,0.41411793407908043,0
ETTm1,patchtst,sf,2,64,boundary,0.2716246161781879,0.3489923240938951,4528
ETTm1,patchtst,sf,2,64,adapter,0.3316733321778384,0.3854058492906597,12960
ETTm1,patchtst,sf,2,64,adapter_global,0.3304574936272587,0.38468815584734883,13488
ETTm2,dlinear,mae,2,64,base,0.1077218484384818,0.21766123205817023,0
ETTm2,dlinear,mae,2,64,boundary,0.09321848096952816,0.20315589854637467,4528
ETTm2,dlinear,mae,2,64,adapter,0.10097544390222654,0.20961414782801704,12960
ETTm2,dlinear,mae,2,64,adapter_global,0.09891324395083818,0.2080381090562672,13488
ETTm2,dlinear,sf,2,64,base,0.1176747086453889,0.2314018946514923,0
ETTm2,dlinear,sf,2,64,boundary,0.09724029676819552,0.21072807991463588,4528
ETTm2,dlinear,sf,2,64,adapter,0.10232419620843083,0.21281837109893673,12960
ETTm2,dlinear,sf,2,64,adapter_global,0.10047899226787943,0.21182049777090198,13488
ETTm2,patchtst,mae,2,64,base,0.14811969841690004,0.26155061951921016,0
ETTm2,patchtst,mae,2,64,boundary,0.09824237609478079,0.21219140547243778,4528
ETTm2,patchtst,mae,2,64,adapter,0.1123378357174099,0.226765594281737,12960
ETTm2,patchtst,mae,2,64,adapter_global,0.11264225014238932,0.22707058979224912,13488
ETTm2,patchtst,sf,2,64,base,0.15049534672760942,0.2619722668754789,0
ETTm2,patchtst,sf,2,64,boundary,0.10181068070617134,0.2154802206722612,4528
ETTm2,patchtst,sf,2,64,adapter,0.11757580197716272,0.23041840853417533,12960
ETTm2,patchtst,sf,2,64,adapter_global,0.11708353875693339,0.2299351013217237,13488
appliances,dlinear,mae,2,64,base,0.2915313279339006,0.3418386960640973,0
appliances,dlinear,mae,2,64,boundary,0.19096944128674814,0.25775174152010594,13192
appliances,dlinear,mae,2,64,adapter,0.23560909105047517,0.2723435954954004,14784
appliances,dlinear,mae,2,64,adapter_global,0.23494607826383446,0.27593209738112523,15312
appliances,dlinear,sf,2,64,base,0.30808303494558836,0.3562611729570609,0
appliances,dlinear,sf,2,64,boundary,0.18959962310659273,0.25672188014679725,13192
appliances,dlinear,sf,2,64,adapter,0.23757703145293732,0.2742582315003623,14784
appliances,dlinear,sf,2,64,adapter_global,0.23689304130545527,0.27798318112384046,15312
appliances,patchtst,mae,2,64,base,0.5180207410251896,0.42674689891133977,0
appliances,patchtst,mae,2,64,boundary,0.1916434751138788,0.2576008873885429,13192
appliances,patchtst,mae,2,64,adapter,0.3601299340312427,0.34980217252067924,14784
appliances,patchtst,mae,2,64,adapter_global,0.360238926865466,0.34992490013664446,15312
appliances,patchtst,sf,2,64,base,0.484621818511237,0.41530725265234664,0
appliances,patchtst,sf,2,64,boundary,0.18937256573477096,0.2558987549666937,13192
appliances,patchtst,sf,2,64,adapter,0.34843718678613617,0.34527630185300806,14784
appliances,patchtst,sf,2,64,adapter_global,0.3484990908478095,0.34534643078938504,15312
bdg2,dlinear,mae,2,64,base,0.2627153997579191,0.3530383644327081,0
bdg2,dlinear,mae,2,64,boundary,0.21243707141943377,0.30353809664777415,8176
bdg2,dlinear,mae,2,64,adapter,0.23552482299847421,0.31516146039838716,13728
bdg2,dlinear,mae,2,64,adapter_global,0.23329056396502376,0.3179056483125684,14256
bdg2,dlinear,sf,2,64,base,0.2623929022982235,0.35390742794870134,0
bdg2,dlinear,sf,2,64,boundary,0.2115871920909341,0.30288978062677757,8176
bdg2,dlinear,sf,2,64,adapter,0.23484523739883995,0.31432269186002665,13728
bdg2,dlinear,sf,2,64,adapter_global,0.23275433768872122,0.31735299309666276,14256
bdg2,patchtst,mae,2,64,base,0.3009258959814935,0.39551067277515783,0
bdg2,patchtst,mae,2,64,boundary,0.20968677420099036,0.306289190468607,8176
bdg2,patchtst,mae,2,64,adapter,0.2572933484739834,0.35042862320919727,13728
bdg2,patchtst,mae,2,64,adapter_global,0.257508245061456,0.3506591657489554,14256
bdg2,patchtst,sf,2,64,base,0.2903027187003276,0.3815499473107377,0
bdg2,patchtst,sf,2,64,boundary,0.20970761675597324,0.3063718064890788,8176
bdg2,patchtst,sf,2,64,adapter,0.24756934404053832,0.3386672511168597,13728
bdg2,patchtst,sf,2,64,adapter_global,0.2479274662845976,0.33919153487183284,14256
